"week";"dose";"ditch";"Simve";"Daplo";"Cerpu";"Alogu";"Aloco";"Alore";"Aloaf";"Copsp";"Ostsp";"Slyla";"Acrha";"Aloex";"Chysp";"Alona";"Plead";"Oxyte";"Grate";"Copdi";"NauLa";"CilHa";"Strvi";"amosp";"Ascmo";"Synsp";"Squro";"Squmu";"Polar";"Kerqu";"Anufi";"Mytve";"Mytvi";"Mytmu";"Lepsp";"Leppa";"Colob";"Colbi";"Colun";"Lecsp";"Lecqu";"Lecco";"Leclu";"Lecfl";"Tripo";"Cepsp";"Monlo";"Monae";"Scalo";"Trilo";"Tripo.1";"Tricy";"Trisp";"Tepat";"Rotne";"Notla";"Filsp";"Lopox";"hydrspec";"bothrosp";"olchaeta";"erpoocto";"glsicomp";"alglhete";"hebdstag";"sphidae";"ansuvote";"armicris";"bathcont";"binitent";"gyraalbu";"hippcomp";"lymnstag";"lymnaes7";"physfont";"plbacorn";"popyanti";"radiovat";"radipere";"valvcris";"valvpisc";"hycarina";"gammpule";"aselaqua";"proameri";"collembo";"caenhora";"caenluct";"caenrobu";"cloedipt";"cloesimi";"aeshniae";"libellae";"conagrae";"corident";"coripanz";"coripunc";"cymabons";"hesplinn";"hespsahl";"notoglau";"notomacu";"notoobli";"notoviri";"pacoconc";"pleaminu";"sigadist";"sigafall";"sigastri";"sigarasp";"colyfusc";"donacis6";"gyrimari";"haliconf";"haliflav";"haligruf";"haliobli";"herubrev";"hya_herm";"hyglpusi";"hyhyovat";"hypoplan";"hyporusp";"hytuinae";"hytuvers";"laphminu";"noteclav";"rhantusp";"sialluta";"ablalong";"ablaphmo";"cltanerv";"malopisp";"mopetenu";"prdiussp";"pstavari";"chironsp";"crchirsp";"crclglat";"ditendsp";"mitegchl";"pachgarc";"pachgvit";"popegnub";"popedisp";"acriluce";"chclpige";"conescut";"cricotsp";"liesspec";"psclbarb";"psclgsli";"psclobvi";"psclplat";"psclpsil";"pscladsp";"cladotsp";"laa_spec";"patanysp";"tatarssp";"zaa_spec";"anopmacu";"cepogoae";"chaoobsc";"cucidae4";"tabanusp";"agdasphr";"athrater";"cyrncren";"holodubi";"holopici";"leceriae";"lilurhom";"monaangu";"mystazur";"mystloni";"oecefurv";"oecelacu";"triabico";"paponysp"
"-4";"0.1";"1";5;0;0;0;0;0;0;2;0;0;0;0;1;0;0;0;0;10;540;68762;1060;0;0;50;0;0;50;0;0;0;10;0;0;0;10;0;0;0;0;0;0;10;0;0;0;0;0;0;0;0;0;0;0;0;0;0;0;0;6;9;0;5;0;0;0;9;0;1;0;0;0;0;0;0;0;0;0;0;0;0;0;0;0;0;133;0;0;446;0;2;0;6;0;0;0;0;0;0;0;0;0;0;0;0;0;0;0;0;0;0;0;0;0;0;0;0;0;0;0;0;0;0;1;0;0;0;1;0;6;0;0;0;0;0;0;0;0;0;0;0;0;0;0;0;0;0;0;0;0;0;0;0;0;0;0;0;0;0;0;0;2;1;0;0;0;0;0;0;1;0;0;1;0;2;0;0;0;0
"-4";"0";"2";1;0;0;0;0;0;0;1;0;0;0;0;0;0;0;0;0;0;40;7558;120;40;70;430;0;0;10;0;0;0;0;0;0;20;0;0;0;0;10;0;0;0;0;0;0;0;0;0;0;0;0;0;0;0;0;0;0;1;15;10;0;4;2;1;0;50;0;0;0;0;0;0;0;0;1;0;0;0;3;1;0;0;0;0;62;0;0;420;3;0;1;6;0;0;0;0;0;0;0;0;0;0;0;0;0;0;0;0;0;0;0;0;0;0;0;0;0;0;0;0;0;0;0;0;0;0;1;0;5;1;0;0;6;0;0;0;0;0;0;0;0;0;0;0;0;0;0;0;0;0;0;0;0;0;0;0;0;0;0;0;5;3;0;0;2;0;0;0;1;0;0;7;0;9;0;0;0;0
"-4";"0";"3";10;0;0;0;0;0;0;4;0;0;0;0;1;0;0;0;0;0;250;13635;960;0;20;140;0;0;310;0;0;0;0;0;30;10;10;20;0;10;0;0;0;20;0;0;0;0;0;0;0;0;0;0;0;0;0;0;0;1;24;5;0;11;0;2;0;97;0;6;0;0;0;0;0;0;12;0;0;1;50;0;0;1;0;0;50;1;0;151;1;0;0;1;0;0;0;0;0;0;0;0;0;1;0;0;0;0;0;0;0;0;0;0;0;0;0;0;0;0;0;0;0;1;1;0;0;0;0;0;5;0;0;0;4;0;0;0;0;0;0;0;0;0;0;0;0;0;0;0;0;0;0;0;0;0;0;0;0;2;0;0;0;5;0;0;0;0;0;0;0;0;1;0;0;7;0;0;0;0
"-4";"0.9";"4";1;0;0;0;0;0;0;3;0;0;0;0;0;0;0;0;0;0;70;53659;20;80;0;40;0;0;440;0;0;0;0;0;20;0;0;20;0;0;10;0;0;0;0;20;0;0;0;0;0;0;0;0;0;0;0;0;0;3;59;8;0;4;1;0;0;40;0;0;0;0;0;0;0;0;0;0;0;0;0;0;0;0;0;0;119;1;0;331;5;3;0;2;0;0;0;0;0;0;0;0;0;0;0;0;0;0;0;0;0;0;0;0;0;0;1;0;0;0;0;0;0;3;0;0;0;0;0;0;12;0;0;0;12;0;1;0;0;0;0;0;0;0;0;0;0;0;0;0;0;1;0;0;0;0;0;0;0;0;0;0;0;1;0;0;0;0;0;0;6;0;0;0;0;14;0;0;0;0
"-4";"0";"5";5;0;0;0;0;0;0;3;0;0;0;0;0;0;0;0;0;0;240;12081;260;120;0;80;0;0;0;0;0;0;0;0;0;0;0;0;0;20;0;0;0;0;0;40;0;0;0;0;0;0;0;0;0;0;0;0;0;0;0;14;3;2;0;1;0;6;0;0;0;0;0;0;0;0;144;0;3;0;0;0;0;5;0;0;133;1;0;442;0;0;0;11;0;0;1;0;0;0;0;0;0;2;0;0;0;0;0;0;0;0;1;0;0;0;0;0;0;0;0;0;0;6;0;1;0;0;0;0;2;0;0;0;0;0;0;0;0;0;0;0;0;0;0;0;0;0;0;0;0;0;0;0;0;0;0;0;0;0;0;0;1;4;0;0;4;0;0;0;0;0;1;1;0;40;0;0;0;0
"-4";"44";"6";1;0;0;0;0;0;0;1;0;0;0;0;0;0;0;0;0;0;50;11724;2600;40;90;60;0;0;1780;0;0;0;0;0;0;0;10;0;0;0;0;10;0;0;0;0;0;0;0;0;0;0;0;0;0;0;0;0;0;0;5;7;0;3;2;4;0;21;0;12;0;0;0;0;0;0;0;0;1;0;4;0;3;1;0;0;128;1;0;472;3;0;0;5;0;0;0;0;0;0;0;0;0;1;0;0;0;0;0;0;0;0;0;0;0;0;0;0;0;0;0;0;0;3;0;0;0;0;0;0;1;0;0;0;1;0;0;0;0;0;0;0;0;0;0;0;0;0;0;0;0;0;0;0;0;0;0;0;0;0;0;0;0;1;0;0;0;0;0;1;6;0;0;0;0;5;0;0;0;0
"-4";"6";"7";3;0;0;0;0;0;0;1;0;0;0;0;0;0;0;0;0;0;20;31521;640;160;30;0;0;0;0;0;0;0;0;0;10;0;0;0;0;20;0;0;10;10;0;0;0;0;0;0;10;0;0;0;0;0;0;0;0;0;2;20;1;0;0;0;0;1;0;0;0;0;0;0;0;0;0;0;0;0;2;1;0;0;0;0;122;1;0;311;4;0;0;10;0;0;0;0;0;0;0;0;0;1;0;0;0;0;0;0;0;0;0;0;0;0;0;0;0;0;0;0;0;3;4;0;0;0;0;0;0;0;0;0;0;0;0;0;0;0;0;0;0;0;0;0;0;0;0;0;0;0;0;0;0;0;0;0;0;0;0;0;0;4;0;0;0;0;0;0;0;0;0;0;0;40;0;0;0;3
"-4";"0.1";"8";1;0;0;0;0;0;0;1;0;0;1;0;0;0;0;0;0;0;0;61600;920;0;0;20;0;0;0;0;0;0;0;0;20;0;0;0;0;0;0;0;0;0;0;10;10;0;0;0;0;0;0;0;0;0;0;0;0;0;15;0;0;0;6;0;0;5;0;1;0;0;0;0;0;0;0;0;0;0;0;0;0;0;0;0;214;3;0;388;4;0;0;5;0;0;0;1;0;0;0;0;0;0;0;0;0;0;0;0;0;0;0;0;0;0;0;0;0;0;0;0;0;6;1;0;0;0;0;0;2;0;0;0;2;0;0;0;0;0;0;0;0;0;0;0;0;0;0;0;0;1;0;0;0;0;0;0;0;0;0;0;0;1;0;0;0;0;0;0;0;0;0;6;0;9;0;0;0;0
"-4";"44";"9";2;0;0;0;0;0;0;2;0;0;1;0;0;0;0;0;0;0;50;8082;300;40;0;330;0;0;130;0;0;20;0;0;0;0;0;0;0;10;0;10;0;30;0;0;0;0;0;0;0;0;0;0;0;10;0;0;0;0;8;6;0;1;0;0;0;6;0;1;0;0;0;0;0;0;0;0;0;0;0;0;1;0;0;0;6;0;0;285;8;0;0;2;0;0;0;0;0;0;0;0;0;0;0;0;0;0;0;0;0;0;0;0;0;0;0;0;0;0;0;0;0;2;1;0;0;0;0;0;10;0;0;0;0;0;0;0;0;0;0;0;0;0;0;0;1;3;0;0;0;0;0;0;0;0;0;0;0;0;0;0;0;1;0;0;1;0;0;0;0;0;0;0;0;8;0;0;0;0
"-4";"0.9";"10";0;0;0;0;0;0;0;1;0;0;0;0;0;0;0;0;0;0;1020;8522;1381;40;0;160;0;0;6798;0;0;0;0;0;20;0;0;0;0;0;0;0;0;0;0;0;0;0;0;0;0;0;0;0;0;10;0;0;0;0;5;21;0;0;1;0;0;68;0;15;13;0;0;0;0;0;0;0;0;0;1;1;1;0;0;0;15;0;0;363;0;0;0;0;0;0;0;0;0;0;0;0;0;1;0;0;0;0;0;0;0;0;0;0;0;0;0;0;0;0;0;0;0;1;0;0;0;0;0;0;3;0;0;0;0;0;0;0;0;0;0;0;0;0;0;0;0;0;0;0;0;1;0;0;0;0;0;0;0;0;0;0;1;0;0;0;22;0;0;0;1;0;0;6;0;4;0;0;0;0
"-4";"0";"11";1;0;0;0;0;0;0;1;0;0;0;0;0;0;0;0;0;0;40;47592;50;80;10;20;0;0;10;0;0;0;0;0;0;0;0;0;0;30;0;0;0;0;0;0;0;10;0;0;0;0;0;10;0;0;0;0;0;0;11;0;0;1;0;0;0;2;0;0;0;0;0;0;0;0;0;0;0;0;0;0;1;1;0;0;97;0;0;408;0;0;0;4;0;0;0;0;0;0;0;0;0;1;0;0;0;0;0;0;0;0;0;0;0;0;0;0;0;0;0;0;0;1;1;0;0;0;0;0;3;0;0;0;0;0;0;0;0;0;0;0;0;0;0;0;0;0;0;0;0;1;0;0;0;0;0;0;0;0;0;0;1;5;0;0;4;0;0;0;0;0;0;1;0;18;0;0;0;0
"-4";"6";"12";1;0;0;0;0;0;0;1;0;0;0;0;0;0;0;0;0;0;10;39121;200;160;40;120;0;0;140;0;0;0;0;0;0;0;0;0;0;0;0;0;0;10;0;10;0;0;0;0;0;0;0;0;0;0;0;0;0;0;57;9;0;1;1;2;0;38;0;2;0;0;0;0;0;0;0;0;0;0;2;0;0;0;0;0;92;0;0;297;10;0;0;2;0;0;0;0;0;0;0;0;0;1;0;0;0;0;0;0;0;0;0;0;0;0;0;0;0;0;0;0;0;0;0;0;0;0;0;0;3;0;0;0;2;0;1;0;0;0;0;0;0;0;0;0;0;0;0;0;0;0;0;0;0;0;0;0;0;0;0;0;0;2;0;0;0;0;0;0;0;0;0;0;0;10;0;0;0;0
"-1";"0.1";"1";11;0;0;0;0;0;0;3;0;0;0;0;1;0;0;0;0;0;900;6798;340;60;40;580;0;0;1300;0;0;0;0;0;0;10;0;0;0;0;0;0;0;0;0;0;0;0;0;0;0;0;0;0;0;0;0;0;0;0;37;15;0;3;1;5;0;44;0;0;0;0;0;0;0;0;3;0;0;0;0;5;0;0;0;0;475;0;0;526;0;0;0;22;0;0;0;0;0;0;0;0;0;0;0;0;0;0;0;0;0;0;0;0;0;0;0;0;0;0;0;0;0;1;1;1;0;0;1;0;24;0;0;0;0;0;2;0;0;0;2;0;0;0;0;0;0;0;0;0;0;0;0;0;0;0;0;0;0;1;0;0;1;3;0;0;2;0;0;0;2;1;0;0;0;5;0;0;0;0
"-1";"0";"2";3;0;0;0;0;0;0;3;0;0;0;0;0;0;0;0;0;0;620;34906;20;80;600;40;0;0;400;0;0;0;0;0;10;0;0;0;0;0;0;0;0;0;0;10;10;0;0;0;0;0;0;0;0;0;0;0;0;1;3;20;0;2;0;3;0;179;0;0;0;6;0;0;0;0;1;0;0;0;0;0;0;1;0;0;600;0;0;175;0;1;0;27;0;0;0;0;0;0;0;0;0;0;0;0;0;0;0;0;0;0;0;0;0;0;0;0;0;0;0;0;0;1;0;0;0;0;0;1;8;0;0;0;0;0;2;0;0;0;0;0;0;0;0;0;0;0;0;0;0;0;0;0;0;0;0;0;0;1;0;0;15;2;0;0;3;0;0;0;4;0;0;3;0;5;0;0;0;0
"-1";"0";"3";8;0;0;0;0;0;0;3;1;0;0;0;1;0;0;0;0;0;380;100049;1020;80;20;180;0;0;760;0;0;0;0;0;40;0;0;0;0;0;0;20;0;20;0;20;0;0;0;0;20;0;0;0;0;0;0;0;0;0;32;7;1;5;40;0;0;641;0;23;0;0;0;0;0;0;219;0;0;0;21;0;0;0;0;0;364;0;0;179;1;0;0;16;0;0;0;0;0;0;0;0;0;0;0;0;0;0;0;0;0;0;0;0;0;0;0;0;0;0;0;0;0;15;2;1;0;0;0;0;30;0;0;0;0;0;0;0;0;0;0;0;0;1;0;0;0;1;0;0;0;1;0;0;0;0;3;0;1;1;0;0;2;3;0;0;0;0;0;0;2;0;0;0;0;7;0;1;0;0
"-1";"0.9";"4";5;0;0;0;0;0;0;4;0;0;0;0;1;0;0;0;0;10;320;43020;0;20;20;50;0;0;1040;0;0;0;0;0;0;0;10;0;0;20;0;0;0;0;0;20;10;0;0;0;0;0;0;0;0;0;0;10;0;0;12;6;0;1;1;1;0;161;0;0;0;1;0;0;0;0;6;0;0;0;2;0;0;0;0;0;333;2;0;296;0;0;2;16;0;0;0;0;0;0;0;0;0;0;0;0;0;0;0;0;0;0;0;0;0;0;0;0;0;1;0;0;0;6;2;1;0;0;0;0;31;0;0;0;0;0;1;0;0;0;0;0;0;0;0;0;0;0;0;0;0;1;0;0;0;0;1;0;0;0;0;0;0;2;0;0;0;0;0;0;8;0;0;0;0;14;0;0;0;0
"-1";"0";"5";11;0;0;0;0;0;0;2;1;0;0;0;0;0;0;0;0;20;1680;14478;6201;0;40;40;0;0;1200;0;0;0;0;0;0;0;0;0;0;0;0;40;0;20;0;0;0;0;0;0;0;0;0;0;0;0;0;0;0;0;0;27;0;2;0;3;0;18;0;0;0;0;0;0;0;0;2;0;0;0;0;1;1;4;0;0;608;9;0;501;0;0;0;22;0;0;0;0;0;0;0;0;0;0;0;0;0;0;0;0;0;0;0;1;0;0;0;0;0;0;0;1;0;13;0;7;0;0;0;0;7;0;0;0;0;0;0;0;0;0;0;0;0;0;0;0;0;0;0;0;0;0;0;0;0;0;0;0;0;0;0;0;2;4;0;0;1;0;0;0;0;0;0;0;0;11;0;0;0;0
"-1";"44";"6";1;0;0;0;0;0;0;1;0;0;0;0;0;0;0;0;0;0;420;27239;40;0;20;180;0;0;2880;0;0;0;0;0;0;0;0;0;0;0;0;0;0;40;0;20;0;0;0;0;0;0;0;0;0;0;0;0;0;0;2;11;7;1;5;1;0;23;0;8;2;0;0;0;0;0;0;0;0;0;1;2;1;2;0;0;460;0;0;509;0;0;0;6;0;0;0;0;0;0;0;0;0;0;0;0;0;0;0;0;0;0;0;1;0;0;0;0;0;0;0;0;0;5;4;0;0;0;0;0;11;0;0;0;0;0;0;0;0;0;0;0;0;0;0;0;0;0;0;0;0;0;0;0;0;0;0;0;0;0;0;0;6;4;0;0;1;0;0;0;4;0;1;0;0;6;0;0;0;0
"-1";"6";"7";16;0;0;0;0;0;0;3;0;0;0;0;0;0;0;0;0;20;550;200068;270;20;0;190;0;0;0;0;0;0;0;0;10;0;0;0;0;20;0;0;0;20;0;0;0;0;0;0;0;0;0;0;0;10;0;0;0;0;1;17;3;0;2;2;0;49;0;1;4;0;0;0;0;0;0;0;0;0;5;0;0;2;0;0;416;0;0;294;0;0;0;3;0;0;0;0;0;0;0;1;0;0;0;0;0;0;0;0;0;0;0;0;0;0;0;0;0;0;0;0;0;5;3;0;0;0;0;0;8;0;0;0;0;0;0;0;0;0;0;0;0;0;0;0;0;0;0;0;0;0;0;0;0;0;1;0;0;0;0;0;5;3;0;0;2;0;0;0;0;0;0;0;0;11;0;0;0;0
"-1";"0.1";"8";3;0;0;0;0;0;0;2;0;0;1;0;0;0;0;0;0;0;90;6441;40;20;100;360;0;0;0;0;0;0;0;0;10;0;0;0;0;20;0;0;10;80;0;10;0;0;0;0;0;10;0;0;0;0;0;10;0;1;5;0;0;0;4;1;0;10;0;0;0;0;0;0;0;0;0;0;0;0;3;1;0;0;0;0;659;0;0;467;1;0;0;6;0;0;0;0;0;0;0;0;0;0;0;0;0;0;0;0;0;0;0;0;0;0;0;0;0;0;0;0;0;4;0;3;0;0;0;0;8;0;0;0;0;0;0;0;0;0;0;0;0;0;0;0;0;0;0;0;0;0;0;0;0;0;0;0;0;0;0;0;1;2;0;0;1;0;0;0;0;0;0;1;0;7;0;0;0;0
"-1";"44";"9";6;0;0;0;0;0;0;2;0;0;1;0;0;0;0;0;0;0;300;46185;60;0;600;240;0;0;300;0;0;0;0;0;0;0;0;0;0;0;0;0;0;20;0;20;0;0;0;0;0;0;0;0;0;0;0;0;0;0;0;24;0;1;0;5;0;15;0;4;0;0;0;0;0;0;2;0;0;0;0;0;0;0;0;0;428;0;0;388;0;0;0;23;0;0;0;0;0;0;0;0;0;0;0;0;0;0;0;0;0;0;0;0;0;0;0;0;2;0;0;0;0;4;0;3;1;0;0;0;10;0;0;0;0;0;0;0;0;0;0;0;0;0;0;0;0;0;0;0;0;0;0;0;0;0;0;0;0;0;0;0;2;1;0;0;0;0;0;0;0;0;0;3;0;15;0;0;0;0
"-1";"0.9";"10";0;0;0;0;0;0;0;0;0;0;0;0;0;0;0;0;0;10;1259;12325;20;40;0;40;0;0;2979;0;0;10;0;0;0;0;0;0;10;10;0;0;0;0;0;0;20;0;0;0;0;0;0;0;0;0;0;0;0;0;1;20;1;1;2;3;0;60;0;5;5;0;0;0;0;0;0;0;0;0;1;0;0;6;0;0;268;0;0;396;0;0;0;3;0;0;0;0;0;0;0;1;0;0;0;0;0;0;0;0;0;0;0;0;0;0;0;0;0;0;0;0;0;15;8;1;0;0;0;0;8;0;0;0;0;0;0;0;0;0;0;0;0;0;0;0;0;0;0;0;0;0;0;0;0;0;0;0;0;0;0;0;5;3;0;0;8;0;0;0;2;0;0;4;0;9;0;0;0;0
"-1";"0";"11";10;0;0;0;0;0;0;7;1;0;0;0;0;0;0;0;0;10;560;200068;1740;40;0;70;0;0;10;0;0;0;0;0;10;0;0;0;0;20;0;10;0;30;0;0;0;0;0;0;0;0;0;0;0;0;0;0;0;0;0;17;1;0;0;4;0;5;0;0;0;0;0;0;0;0;0;0;0;0;0;0;1;4;0;0;368;0;1;547;0;0;0;3;0;0;0;0;0;0;0;0;0;0;0;0;0;0;0;0;0;0;0;0;0;0;0;0;0;0;0;0;0;12;2;0;0;0;0;0;6;0;0;0;0;0;0;0;0;0;0;0;0;0;0;0;0;0;0;0;0;2;0;0;0;0;0;0;0;0;0;0;2;8;0;0;3;0;0;0;0;0;0;1;0;20;0;0;0;0
"-1";"6";"12";5;0;0;0;0;0;0;1;0;0;0;0;1;0;0;0;0;30;140;31521;760;80;70;50;0;0;70;0;0;10;0;0;10;0;0;0;0;0;0;0;0;10;0;0;0;0;10;0;0;2;0;0;0;0;0;0;0;1;225;20;0;3;0;14;0;137;0;4;0;0;0;0;0;0;0;0;0;0;1;0;1;0;0;0;849;0;0;283;12;0;0;14;0;0;0;0;0;0;0;0;0;0;0;0;0;0;0;0;0;0;0;0;0;0;0;0;0;0;0;0;0;5;7;0;0;0;0;0;13;0;0;0;0;0;0;0;0;0;0;0;0;0;0;0;0;0;0;0;0;0;0;0;0;0;0;0;0;0;0;0;0;1;0;0;0;0;0;0;0;0;0;0;0;9;0;0;0;0
"0.1";"0.1";"1";10;0;0;0;0;0;0;1;0;0;0;0;0;0;0;0;0;10;880;27049;680;0;0;10;0;0;380;0;0;10;0;0;0;0;0;0;0;30;0;0;0;0;0;0;0;0;0;0;0;0;0;10;0;0;0;0;0;0;23;7;1;0;6;0;0;9;0;0;0;0;0;0;0;0;0;0;0;0;0;0;0;0;0;0;206;0;0;417;0;0;0;15;0;0;0;0;0;0;0;0;0;0;0;0;0;0;0;0;0;0;0;0;1;0;0;0;0;0;0;0;0;0;0;0;1;0;1;0;7;0;0;0;0;0;0;0;0;0;0;0;0;0;0;0;0;0;0;0;0;0;0;0;0;0;0;0;0;0;0;0;6;5;0;0;0;0;0;0;0;0;0;2;0;2;0;0;0;0
"0.1";"0";"2";4;1;0;0;0;0;0;1;1;0;0;0;0;0;0;0;0;30;390;34146;320;0;0;60;20;0;80;0;0;0;0;10;60;0;0;0;0;0;0;0;0;0;0;40;0;0;0;0;10;0;10;0;0;0;0;0;0;1;78;6;0;3;0;1;0;94;0;0;0;5;0;0;0;2;0;0;0;0;1;1;0;6;0;0;342;6;0;138;1;0;0;16;0;0;0;0;0;0;0;0;0;0;0;0;0;0;0;0;0;0;0;0;0;0;0;0;0;0;0;0;0;2;0;0;0;0;0;0;4;6;0;0;0;0;0;0;0;0;0;0;0;2;0;0;0;0;0;0;0;0;0;0;0;0;2;1;0;0;0;0;3;4;0;0;0;0;0;0;2;0;0;4;0;7;0;0;1;0
"0.1";"0";"3";11;0;0;0;0;0;0;2;2;0;0;0;0;0;0;0;0;40;360;72650;1460;40;0;20;0;0;60;0;0;0;0;0;0;0;0;0;0;0;0;0;0;0;0;0;0;0;0;0;0;0;0;0;0;0;0;0;0;0;186;7;1;0;1;14;0;58;0;8;0;0;0;0;0;0;207;0;0;0;1;0;0;0;0;0;55;1;0;83;1;0;0;28;0;0;0;0;0;0;0;0;0;0;0;0;0;0;0;0;0;0;0;0;0;1;1;0;0;0;1;0;0;6;7;1;0;0;0;0;3;2;0;0;0;0;0;0;0;0;0;0;0;0;0;0;0;0;0;0;0;0;0;0;0;0;1;0;0;0;0;0;1;6;0;1;0;0;0;0;0;0;0;0;0;7;0;0;0;0
"0.1";"0.9";"4";5;0;0;0;0;0;0;1;1;0;0;0;1;0;0;0;0;0;220;35682;20;40;0;0;10;0;20;0;0;0;0;0;0;0;10;0;0;40;0;0;0;0;0;20;0;0;20;0;10;0;0;0;0;0;0;0;0;1;224;18;0;1;1;0;0;12;0;0;0;0;0;0;0;0;0;0;0;0;1;4;0;0;0;0;124;4;0;136;0;0;0;18;0;0;0;0;0;0;0;0;0;0;0;0;0;0;0;0;0;0;0;0;0;0;0;0;0;0;0;0;0;4;2;0;0;0;0;0;11;2;0;0;4;0;5;0;0;0;0;0;0;0;0;0;0;0;0;0;0;0;1;0;1;0;2;0;0;0;0;0;2;3;0;0;0;0;0;0;9;0;0;0;0;5;0;0;0;0
"0.1";"0";"5";2;0;0;0;0;0;0;1;1;0;0;0;0;0;0;0;0;60;1141;60622;8378;40;20;80;20;0;700;0;0;0;0;0;0;0;20;0;0;0;0;40;0;0;0;0;0;0;0;0;0;0;0;0;0;0;0;0;0;0;15;4;3;0;11;0;0;14;0;1;0;0;1;0;0;0;0;0;0;0;0;8;0;15;0;0;324;7;0;551;0;0;0;11;0;0;0;0;0;0;0;0;0;0;0;0;0;0;2;0;0;0;0;0;0;0;0;0;0;0;0;0;1;1;1;0;0;0;0;0;1;0;0;0;0;0;0;0;0;0;0;0;0;0;0;0;0;0;0;1;0;0;0;0;0;0;0;0;0;0;0;0;5;5;0;0;1;0;0;0;0;0;0;0;0;14;0;0;0;0
"0.1";"44";"6";0;0;0;0;0;0;0;0;0;0;0;0;0;0;0;0;0;0;100;28837;120;0;0;20;0;40;2701;0;0;0;0;0;0;0;0;0;0;0;0;0;0;0;0;0;0;0;0;0;0;0;0;0;0;0;0;0;0;0;53;7;0;3;8;0;0;0;0;17;0;0;0;0;0;0;0;0;0;0;1;2;0;3;0;0;11;0;0;13;0;0;0;1;0;0;0;0;0;0;0;0;0;0;0;0;0;0;0;0;0;0;0;0;0;0;0;0;0;0;0;0;0;0;0;0;0;0;0;0;0;0;0;0;0;0;0;0;0;0;0;0;0;0;0;0;0;0;0;0;0;0;0;0;0;0;0;0;0;0;0;0;0;0;0;1;0;0;0;0;1;0;0;0;0;1;0;0;0;0
"0.1";"6";"7";1;0;0;0;0;0;0;1;1;0;0;0;0;0;0;0;0;10;140;30712;500;0;0;420;10;0;0;0;0;0;0;0;0;0;0;20;10;0;0;0;0;0;0;0;0;0;0;0;0;0;0;0;0;0;0;0;0;0;96;24;0;0;0;0;0;0;0;0;0;0;0;0;0;0;0;0;0;0;0;1;0;2;0;0;112;5;0;75;0;0;0;2;0;0;0;0;0;0;0;0;0;1;0;0;0;0;1;0;0;0;0;1;0;0;0;0;0;0;0;0;0;4;0;1;0;0;0;0;1;0;0;0;0;0;1;0;0;0;0;0;0;0;0;0;0;0;0;0;0;0;0;0;0;0;1;0;0;0;0;0;2;1;0;0;2;0;0;0;2;0;0;0;0;0;0;0;0;0
"0.1";"0.1";"8";5;0;0;0;0;0;0;2;1;0;0;0;0;0;0;0;0;30;340;100049;480;80;10;100;10;0;10;0;0;0;0;0;10;0;0;0;0;10;0;0;0;0;0;0;0;0;0;0;0;0;0;0;0;0;0;0;0;0;46;0;0;0;4;1;0;8;0;5;0;0;0;0;0;0;1;0;0;0;7;0;0;0;0;0;231;5;0;419;0;1;0;1;0;0;0;0;0;0;0;0;0;1;0;0;0;0;1;0;0;0;0;0;0;0;0;0;0;0;0;0;0;1;2;0;0;0;0;0;12;0;0;0;4;0;0;0;0;0;0;0;0;0;0;0;0;0;0;0;0;1;0;0;0;0;0;0;0;0;0;0;0;2;0;0;0;0;0;0;0;0;0;0;0;5;0;0;0;0
"0.1";"44";"9";0;0;0;0;0;0;0;2;0;0;0;0;0;0;0;0;0;0;40;56750;240;20;40;120;0;0;240;0;0;0;0;0;0;0;0;0;0;0;0;20;0;20;0;20;0;0;0;0;0;0;0;0;0;0;0;0;0;0;115;16;0;0;0;2;0;15;0;5;0;0;0;0;0;0;1;0;0;0;0;0;0;0;0;0;21;0;0;3;0;0;0;5;0;0;0;0;0;0;0;0;0;0;0;0;0;0;0;0;0;0;0;0;0;0;0;0;0;0;0;0;0;0;0;0;0;0;0;0;1;1;0;0;3;0;0;0;0;0;0;0;0;0;0;0;0;0;0;0;0;0;0;0;0;0;0;0;0;0;0;0;1;0;0;0;0;0;0;0;0;0;0;2;0;3;0;0;0;0
"0.1";"0.9";"10";0;0;0;0;0;0;0;0;0;0;0;0;0;0;0;0;0;30;330;38577;340;20;20;310;0;0;1160;0;0;0;0;0;10;0;10;0;0;20;0;0;0;0;0;0;0;0;0;0;0;0;0;0;0;0;0;0;0;0;92;53;0;1;0;0;0;55;0;10;10;0;0;0;0;0;0;0;0;0;2;2;1;0;0;0;347;2;0;85;0;0;0;2;0;0;0;0;0;0;0;0;0;1;0;0;0;0;0;0;0;0;0;0;0;0;0;0;0;0;0;0;0;3;1;0;0;0;0;0;11;0;0;0;0;0;0;0;0;0;0;0;0;0;0;0;0;0;0;0;0;0;0;0;0;0;0;0;0;0;0;0;19;2;0;0;1;0;0;0;1;0;0;4;0;6;0;0;0;0
"0.1";"0";"11";9;0;0;0;0;0;0;2;2;0;0;0;0;0;0;0;0;0;660;63033;60;180;0;250;0;0;70;0;0;0;0;0;10;0;0;0;10;30;0;0;0;0;0;0;0;0;0;0;0;0;0;0;0;0;0;0;0;0;1;15;3;0;0;21;0;6;0;2;0;0;0;0;0;0;0;0;0;0;0;61;1;14;2;0;357;18;0;420;0;0;0;3;0;0;0;0;0;0;0;0;0;0;0;0;0;0;2;0;0;0;0;0;0;0;0;0;0;0;0;0;0;3;1;1;0;0;0;0;8;0;0;0;0;0;0;0;0;0;0;0;0;0;0;0;0;0;0;0;0;0;0;0;0;0;0;0;0;0;0;0;0;6;0;0;0;0;0;0;0;0;0;3;0;19;0;0;0;0
"0.1";"6";"12";0;0;0;0;0;0;0;0;1;0;0;0;0;0;0;0;0;0;100;49435;260;80;0;50;0;0;50;0;0;10;0;0;0;0;10;0;0;10;0;0;0;30;0;40;0;0;20;0;0;0;0;0;0;0;0;0;0;47;117;11;0;0;0;1;0;20;0;3;0;0;0;0;0;0;0;0;0;0;3;0;0;0;0;0;32;1;0;7;0;0;0;5;0;0;0;0;0;0;0;0;0;0;0;0;0;0;0;2;0;0;0;0;0;0;0;0;0;0;0;0;0;0;2;1;0;0;0;0;7;1;0;0;0;0;0;0;0;0;0;0;0;0;0;0;0;0;0;0;1;1;0;0;0;0;0;0;0;0;0;0;0;1;0;0;0;0;0;1;0;0;0;0;0;5;0;0;0;0
"1";"0.1";"1";5;0;0;0;0;0;0;0;2;0;0;0;0;0;0;0;0;60;480;78152;1700;0;90;70;0;0;260;0;0;10;0;0;0;0;0;0;0;10;0;0;0;0;0;20;0;0;0;0;0;0;0;10;0;10;0;0;0;2;15;13;0;0;1;0;0;32;0;2;0;0;0;0;0;0;0;0;0;0;0;0;0;0;0;0;315;0;0;301;0;0;0;23;0;0;0;0;0;0;0;0;0;0;0;0;0;0;0;0;0;0;0;0;0;0;0;0;0;0;0;0;0;0;0;0;0;0;0;0;15;0;0;0;0;0;2;0;0;0;0;0;0;0;0;0;0;0;2;0;0;4;0;0;0;0;0;0;0;0;0;0;3;7;0;0;0;0;0;0;0;1;0;0;0;6;0;0;0;0
"1";"0";"2";2;4;0;0;0;0;0;0;1;0;0;0;0;0;0;0;0;0;230;15114;320;20;130;260;0;0;230;0;0;0;0;0;10;0;0;0;0;0;0;0;0;0;0;0;0;0;0;0;0;0;0;0;0;0;0;0;0;3;103;11;0;4;1;4;0;79;0;0;0;0;0;0;0;0;90;0;0;0;1;0;0;0;0;0;153;0;0;111;0;1;0;19;0;0;0;0;0;0;0;0;0;0;0;0;0;0;0;0;0;0;0;0;0;0;0;0;0;0;0;0;0;0;2;0;0;0;0;0;15;0;0;0;0;0;2;0;0;0;0;0;0;0;0;0;0;0;0;0;0;4;0;0;0;0;0;0;0;0;0;0;9;3;0;0;0;1;0;0;1;0;0;1;0;5;0;0;0;0
"1";"0";"3";13;0;0;0;0;0;0;1;3;0;0;0;0;0;0;0;0;0;240;40071;1580;0;0;0;0;0;20;0;0;0;0;0;0;0;40;0;0;0;0;0;0;0;0;20;0;0;0;0;0;0;0;0;0;0;0;0;0;3;18;0;0;9;0;4;0;306;0;11;0;0;0;0;0;0;425;0;0;0;22;1;0;0;0;0;87;1;0;90;0;0;0;30;0;0;0;0;0;0;0;0;0;0;0;0;0;0;0;0;0;0;0;0;0;1;0;0;0;0;0;0;0;5;2;3;0;1;0;0;5;0;0;0;0;0;6;0;0;0;0;0;0;0;0;0;0;0;0;0;0;2;0;0;0;0;0;0;0;0;0;0;0;3;0;0;0;0;0;0;0;1;0;0;0;17;1;0;0;0
"1";"0.9";"4";6;0;0;0;0;0;0;0;4;0;0;0;0;0;0;0;0;0;260;4878;520;80;190;90;0;0;10;0;0;0;0;0;0;0;0;0;20;0;0;0;0;0;0;10;0;0;0;0;0;0;0;10;0;0;0;0;0;2;67;10;2;0;0;0;0;44;0;0;0;0;0;0;0;0;2;0;0;0;1;2;0;0;0;0;150;0;0;92;0;0;0;16;0;0;0;0;0;0;1;0;0;0;0;0;1;0;0;0;0;0;0;0;0;0;0;0;0;0;0;0;0;0;1;0;0;0;0;0;22;0;0;0;0;0;2;0;0;0;0;0;0;0;0;0;0;0;0;0;0;17;0;0;0;0;1;0;0;0;0;0;2;2;0;0;0;0;0;0;1;0;0;0;0;12;0;0;0;0
"1";"0";"5";2;1;0;0;0;0;0;1;0;0;0;0;0;0;0;0;0;20;420;44374;5122;20;100;680;0;0;200;0;0;0;0;0;0;0;0;0;0;0;0;0;0;0;0;0;0;0;0;0;20;0;0;0;0;0;0;0;0;1;4;10;4;1;0;2;0;26;0;84;0;0;0;0;0;0;0;0;0;0;0;1;0;3;0;0;536;0;0;620;2;0;0;7;0;0;0;0;0;0;1;0;0;0;0;0;0;0;0;0;0;0;0;0;0;0;0;0;1;0;0;0;0;6;2;6;0;0;0;0;3;0;0;0;0;0;7;0;0;0;2;0;0;0;0;0;0;9;0;0;0;0;0;0;0;0;0;0;0;0;0;0;19;11;0;0;0;0;0;0;0;1;0;0;0;21;0;0;0;0
"1";"44";"6";0;0;0;0;0;0;0;0;0;0;0;0;0;0;0;0;0;0;0;3000;380;20;100;400;0;40;8180;0;0;0;0;0;20;0;0;0;0;0;0;0;0;0;0;40;0;0;0;0;0;0;0;0;0;0;0;0;0;0;12;24;2;6;2;1;0;2;0;40;0;0;0;0;0;0;1;0;0;0;0;1;0;0;0;0;0;0;0;0;0;0;0;0;0;0;0;0;0;0;0;0;0;0;0;0;0;0;0;0;0;0;0;0;0;0;0;0;0;0;0;0;0;0;0;0;0;0;0;0;0;0;0;0;0;0;0;0;0;0;0;0;0;0;0;0;0;0;0;0;0;0;0;0;0;0;0;0;0;0;0;0;0;0;0;0;0;0;0;0;0;0;0;0;0;0;0;0;0;0
"1";"6";"7";0;0;0;0;0;0;0;0;0;0;0;0;0;0;0;0;0;0;30;33437;3061;40;960;280;20;0;0;0;0;0;0;10;0;0;0;30;10;0;0;0;0;0;0;10;0;0;0;0;0;0;0;0;0;10;0;0;0;0;58;29;2;36;0;0;0;13;0;2;0;0;0;0;0;0;0;0;0;0;2;0;0;1;0;0;0;0;0;0;0;0;0;4;0;0;0;0;0;0;0;0;0;0;0;0;0;0;0;0;0;0;0;0;0;0;0;0;0;0;0;0;0;0;0;0;0;0;0;0;0;0;0;0;0;0;1;0;0;0;0;0;0;0;0;0;0;0;0;0;0;0;0;0;0;0;0;0;0;0;0;0;0;0;0;0;4;0;0;0;0;0;0;0;0;3;0;0;0;0
"1";"0.1";"8";2;0;0;0;0;0;0;0;3;0;0;0;0;0;0;0;0;20;420;77452;1360;40;0;140;0;0;0;0;0;0;0;0;10;0;0;0;0;10;0;0;0;0;0;0;0;0;0;0;0;10;0;0;0;10;0;0;0;0;57;0;0;0;21;1;0;5;0;3;0;0;0;0;0;0;3;0;0;0;0;1;0;3;0;0;179;0;0;473;0;0;0;2;0;0;0;0;0;0;2;0;0;0;0;0;0;0;0;0;0;0;0;0;0;0;0;0;0;0;0;0;0;17;4;8;0;0;0;0;9;0;0;0;0;0;0;0;0;0;0;0;0;0;0;0;0;6;0;0;0;1;0;0;0;0;0;0;0;0;0;0;1;1;0;0;0;0;0;0;0;0;0;0;0;15;0;0;0;0
"1";"44";"9";0;0;0;0;0;0;0;0;0;0;0;0;0;0;0;0;0;0;0;5922;740;40;100;200;0;0;660;0;0;0;0;0;0;0;0;0;0;0;0;0;0;0;0;0;0;0;0;0;0;0;0;0;0;0;0;0;0;0;26;19;0;0;0;1;0;32;0;4;0;0;0;0;0;0;1;0;0;0;0;0;0;0;0;0;0;0;0;0;0;0;0;0;0;0;0;0;0;0;0;0;0;0;0;0;0;0;0;0;0;0;0;0;0;0;0;0;0;0;0;0;0;0;0;0;0;0;0;0;0;0;0;0;0;0;1;0;0;0;0;0;0;0;0;0;0;0;0;0;0;0;0;0;0;0;0;0;0;0;0;0;0;0;0;0;0;0;0;0;0;0;0;0;0;0;0;0;0;0
"1";"0.9";"10";0;0;0;0;0;0;0;0;0;0;0;0;0;0;0;0;0;0;100;1640;30;120;420;1200;0;0;5021;0;0;10;0;0;0;0;0;0;0;0;0;0;0;0;0;30;0;0;0;0;10;0;0;0;0;0;0;0;0;0;173;35;0;0;1;0;0;114;0;10;0;0;0;0;0;0;0;0;0;0;4;1;0;0;0;0;19;0;0;6;0;0;0;2;0;2;1;0;0;0;0;0;0;0;0;0;0;0;0;0;0;0;0;0;0;0;0;0;0;0;0;0;0;0;0;0;0;0;0;0;7;0;0;0;0;0;0;0;0;0;0;0;0;0;0;0;0;0;0;0;0;0;0;0;0;0;0;0;0;0;0;0;2;1;0;0;7;0;0;0;0;0;0;0;0;2;0;0;0;0
"1";"0";"11";17;0;0;0;0;0;0;1;1;0;0;0;0;0;0;0;0;30;420;90257;2539;0;0;20;0;0;80;0;0;0;0;10;0;0;0;0;0;0;0;0;0;0;10;0;0;0;0;0;0;0;0;0;0;0;0;0;0;0;1;17;2;1;0;12;0;5;0;0;0;0;0;0;0;0;2;0;0;0;0;0;5;20;0;0;201;0;0;381;0;0;0;3;0;0;0;0;0;0;1;0;0;0;0;0;0;0;0;0;0;0;0;0;0;0;0;0;0;0;0;0;0;4;1;2;0;0;0;0;3;0;0;0;0;0;0;0;0;0;0;0;0;0;0;0;0;0;0;0;0;0;0;0;0;0;0;0;0;0;0;0;3;3;0;0;2;0;0;0;0;0;0;0;0;36;1;0;0;0
"1";"6";"12";0;0;0;0;0;0;0;0;0;0;0;0;0;0;0;0;0;10;0;5321;200;80;90;640;0;0;270;0;0;0;0;0;0;0;0;0;10;0;0;0;0;10;0;40;20;0;0;0;0;0;0;0;0;0;0;0;0;7;46;3;0;0;1;0;0;60;0;9;0;0;0;0;0;0;0;0;0;0;2;0;0;0;0;0;0;0;0;0;0;0;0;2;0;0;0;0;0;0;0;0;0;0;0;0;0;0;0;0;0;0;0;0;0;0;0;0;0;0;0;0;0;0;0;0;0;0;0;0;1;0;0;0;0;0;0;0;0;0;0;0;0;0;0;0;0;0;0;0;0;0;0;0;0;0;0;0;0;0;0;0;0;0;0;0;1;0;0;0;0;0;0;0;0;0;0;0;0;0
"2";"0.1";"1";9;1;0;0;0;0;0;1;1;0;0;0;0;0;0;0;0;0;340;13486;920;20;80;400;0;0;220;0;0;0;0;0;0;0;0;0;0;0;0;0;0;0;0;60;0;0;0;0;0;0;0;0;0;0;0;0;0;2;1;14;0;0;3;0;0;10;0;1;0;0;0;0;0;0;1;0;0;0;0;1;1;0;0;0;179;2;0;223;2;0;0;23;0;0;0;0;0;0;0;0;0;0;0;0;0;0;0;0;0;0;0;0;0;0;0;0;0;0;0;0;0;0;1;2;0;0;2;0;6;2;0;0;0;0;0;0;0;0;0;0;0;0;0;0;0;0;0;0;0;2;0;0;0;0;0;0;0;1;0;0;2;10;0;0;0;0;0;0;6;0;0;0;0;4;0;0;0;0
"2";"0";"2";4;10;0;0;0;0;0;0;7;0;0;0;0;0;0;0;0;0;720;10683;220;0;60;0;0;0;440;0;0;0;0;0;20;0;0;0;20;0;0;0;0;0;0;0;0;0;0;0;0;0;0;0;0;0;0;0;0;0;99;6;1;0;1;0;0;137;0;0;0;1;0;0;0;0;0;0;0;0;0;0;0;0;0;0;200;2;0;101;1;1;0;12;0;0;0;0;0;0;1;0;1;0;0;0;0;0;0;0;0;0;0;1;0;0;0;0;0;0;0;0;0;2;3;2;0;0;0;0;9;0;0;0;0;0;0;0;0;0;0;0;0;0;0;0;0;0;0;0;0;1;0;0;0;0;0;0;0;0;0;0;9;6;0;0;0;0;1;1;1;0;0;0;0;6;1;0;0;0
"2";"0";"3";5;0;0;0;0;0;0;2;9;0;0;0;0;0;0;0;0;0;620;24771;400;0;20;120;0;0;20;0;0;0;0;0;0;0;0;0;0;0;0;0;20;20;0;20;0;0;0;0;0;0;0;0;0;0;0;0;0;1;77;3;0;1;1;0;0;359;0;16;0;0;0;0;0;0;343;0;0;0;8;2;0;0;0;0;200;0;0;86;0;0;0;15;0;0;1;0;0;0;0;0;0;0;0;0;0;0;0;0;0;0;0;0;0;0;0;0;0;0;0;0;0;0;2;4;0;0;0;0;10;1;0;0;0;0;4;0;0;0;0;0;0;1;0;0;0;1;0;0;0;3;0;0;0;1;0;0;0;1;0;0;0;6;0;0;0;0;0;0;1;0;0;0;0;9;0;1;0;0
"2";"0.9";"4";19;0;0;0;0;0;0;3;17;0;0;0;0;0;0;0;0;0;540;1840;0;60;20;260;0;0;20;0;0;0;0;10;0;0;0;0;10;0;10;0;0;0;0;20;0;0;0;0;0;0;0;0;0;0;0;0;0;0;4;7;0;0;1;0;0;23;0;0;0;0;0;0;0;0;0;0;0;0;4;3;0;0;0;0;59;2;0;55;0;0;3;20;0;0;0;0;0;0;0;0;0;0;0;0;0;1;0;0;0;0;0;0;0;0;0;1;0;0;0;0;0;0;1;2;0;0;0;0;6;0;0;0;1;0;2;0;0;0;0;0;0;0;0;0;0;0;0;0;0;2;0;0;0;0;0;0;0;0;0;0;0;2;0;0;0;0;0;0;0;0;0;0;0;1;1;1;0;0
"2";"0";"5";11;3;0;0;0;0;0;1;1;0;0;0;0;0;0;0;0;0;480;22752;1599;0;160;540;0;0;2120;0;0;0;0;0;0;0;0;0;0;0;0;0;0;0;0;0;0;0;0;0;0;0;0;0;0;0;0;0;0;0;3;18;1;1;0;0;0;3;0;0;0;0;0;0;0;0;0;0;1;0;0;2;0;6;0;0;336;8;0;322;0;0;0;2;0;0;0;0;0;0;0;0;0;0;0;1;0;0;0;0;0;0;0;0;0;0;0;0;0;0;0;0;0;13;4;0;0;0;0;0;6;0;0;0;0;0;0;0;0;0;0;0;0;0;0;0;0;0;0;0;0;0;0;0;0;0;0;0;0;0;0;0;4;9;0;0;2;0;0;0;0;0;0;0;0;8;0;0;0;0
"2";"44";"6";0;0;0;0;0;0;0;0;0;0;0;0;0;0;0;0;0;0;0;1200;40;10;20;140;0;0;9437;0;0;0;0;0;0;0;0;0;0;0;0;0;0;0;0;0;0;0;20;0;0;0;0;0;0;0;0;0;0;0;34;17;8;0;0;0;0;0;0;25;0;0;15;0;0;0;0;0;1;0;0;0;0;0;0;0;0;0;0;0;0;0;0;0;0;0;0;0;0;0;0;0;0;0;0;0;0;0;0;0;0;0;0;0;0;0;0;0;1;0;1;0;0;0;0;1;0;0;0;0;0;0;0;0;0;0;0;0;0;0;0;0;0;0;0;0;0;0;0;0;0;0;0;0;0;0;0;0;0;0;0;0;0;0;0;0;0;0;0;0;0;0;0;0;0;0;0;0;0;0
"2";"6";"7";0;0;0;0;0;0;0;1;0;0;0;0;0;0;0;0;0;0;20;83401;520;80;10;240;0;0;40;0;0;0;0;0;40;0;0;0;80;0;0;0;0;0;0;40;10;0;0;0;0;0;0;20;0;10;0;0;0;0;150;37;6;0;0;4;0;6;0;1;0;0;0;0;0;0;0;0;1;0;7;1;0;4;0;0;1;0;0;1;0;0;0;1;0;0;0;0;0;0;0;0;0;0;0;0;0;0;0;0;0;0;0;0;0;0;0;0;0;0;0;0;0;1;0;0;0;0;0;0;0;0;0;0;0;0;0;0;0;0;0;0;0;0;0;0;0;0;0;0;0;0;0;0;0;0;0;0;0;0;0;0;0;0;0;0;0;0;0;0;0;0;0;0;0;4;0;0;0;0
"2";"0.1";"8";5;0;0;0;0;0;0;1;2;0;0;0;0;0;0;0;0;100;1020;48943;2920;60;80;40;0;0;1220;0;0;0;0;10;0;0;0;0;0;0;0;0;0;0;0;20;0;0;0;0;0;0;0;0;0;0;0;0;0;0;7;0;0;1;4;0;0;3;0;4;0;0;0;0;0;0;0;0;0;0;2;1;0;0;0;0;79;0;0;184;0;0;0;0;0;0;0;0;0;0;0;0;0;0;0;0;0;0;0;0;0;0;0;0;0;0;0;0;0;0;0;0;0;1;1;0;0;0;0;0;6;0;0;0;0;0;0;0;0;0;0;0;0;0;0;0;0;0;0;0;0;0;0;0;0;0;0;0;0;0;0;0;0;2;0;0;0;0;0;0;0;0;0;0;0;1;0;0;0;0
"2";"44";"9";0;0;0;0;0;0;0;0;0;0;0;0;0;0;0;0;0;0;0;10801;60;40;0;60;0;0;5278;0;0;0;0;0;0;0;0;0;0;0;0;0;0;0;0;0;0;0;0;0;0;0;0;0;0;0;0;0;0;0;15;19;0;0;1;0;0;8;0;6;0;0;0;0;0;0;4;0;0;0;0;0;0;0;0;0;5;0;0;0;0;0;0;0;0;0;0;0;0;0;0;0;0;0;0;0;0;0;0;0;0;0;0;0;0;0;0;0;0;0;0;0;0;0;0;2;0;0;0;0;0;0;0;0;0;0;0;0;0;0;0;0;0;0;0;0;0;0;0;0;0;0;0;0;0;0;0;0;0;0;0;0;0;0;0;0;0;0;0;0;0;0;0;0;0;0;0;0;0;0
"2";"0.9";"10";2;0;0;0;0;0;0;0;0;0;0;0;0;0;0;0;0;0;60;14277;10;0;160;60;0;0;1940;0;0;0;0;0;0;0;0;0;10;0;0;0;0;0;0;0;0;0;0;0;0;0;0;0;0;0;0;0;0;0;176;16;0;0;1;2;0;114;0;14;2;0;0;0;0;0;1;0;0;0;1;0;0;0;0;0;27;4;0;2;0;0;0;1;0;0;0;0;0;0;0;0;0;2;0;0;0;0;0;0;0;0;0;0;0;0;0;0;0;0;0;0;0;2;1;1;0;0;0;0;12;0;0;0;6;0;0;0;0;0;0;0;0;0;0;0;0;0;0;0;0;0;0;0;0;0;0;0;0;0;0;0;1;0;0;0;6;0;0;0;0;0;0;0;0;1;0;0;0;0
"2";"0";"11";18;0;0;0;0;0;0;1;2;0;0;0;0;0;0;0;0;40;460;100049;2679;60;0;60;0;0;4521;0;0;0;0;0;0;0;0;0;0;0;0;0;0;0;0;0;0;0;0;0;0;0;0;0;0;0;0;0;0;0;42;12;2;0;1;21;0;7;0;0;0;0;0;0;0;0;1;0;1;0;0;29;2;15;0;0;255;24;0;226;2;0;0;3;0;0;0;0;0;0;2;0;0;0;0;0;0;0;0;0;0;0;0;1;0;0;0;0;0;0;0;0;0;11;4;0;0;0;0;0;10;0;0;0;0;0;0;0;0;0;0;0;0;0;0;0;0;1;0;0;0;0;0;0;0;0;0;0;0;0;0;0;1;3;0;0;0;0;0;0;0;0;0;2;0;18;0;0;0;0
"2";"6";"12";0;0;0;0;0;0;0;0;0;0;0;0;0;0;0;0;0;0;0;4521;220;40;20;140;0;0;1200;0;0;0;0;0;0;0;0;0;0;0;0;0;0;0;0;80;0;0;0;0;0;0;0;0;0;0;0;0;1;0;12;6;0;0;1;0;0;1;0;10;0;0;0;1;0;0;0;0;0;0;0;0;0;0;0;0;0;0;0;0;0;0;0;3;0;0;7;0;0;0;0;1;0;0;0;0;0;1;0;0;0;1;0;0;0;0;0;0;0;0;0;0;0;0;2;9;0;0;0;0;0;0;0;0;0;0;0;0;0;0;0;0;0;0;0;0;0;0;0;0;0;0;0;0;0;0;0;0;0;0;0;0;0;1;0;0;0;0;0;0;0;0;0;0;0;1;0;0;0;0
"4";"0.1";"1";18;0;0;0;0;0;0;4;8;0;0;0;0;0;0;0;0;0;460;36403;460;80;10;100;0;0;10;0;0;0;0;0;10;0;0;0;0;0;0;0;0;0;0;0;0;0;0;0;0;0;0;0;0;0;0;0;0;0;1;9;2;0;0;0;0;48;0;8;0;0;0;0;0;0;1;0;0;0;1;2;0;0;0;0;227;4;0;130;3;0;0;21;0;0;0;0;0;0;0;0;0;0;0;0;0;0;0;0;0;0;0;0;0;0;0;0;0;0;0;0;0;1;0;3;0;0;0;0;2;0;0;0;1;0;22;0;0;0;0;0;0;0;0;0;0;0;0;0;0;1;0;0;0;0;0;0;0;0;0;0;0;10;0;0;1;0;0;0;1;0;0;0;0;0;3;0;0;0
"4";"0";"2";1;5;0;0;0;0;0;1;3;0;0;0;0;0;0;0;0;0;360;12045;60;40;0;160;0;0;130;0;0;0;0;0;0;0;0;0;0;0;10;0;0;0;0;0;0;0;0;0;0;0;0;0;0;0;0;0;0;2;18;8;1;6;0;3;0;138;0;0;0;0;0;0;0;0;11;0;0;0;0;0;0;0;0;0;320;12;0;86;1;0;0;17;0;0;0;0;0;0;0;0;0;0;0;0;0;0;0;0;0;0;0;0;0;0;0;0;0;0;0;0;0;0;0;2;0;0;2;0;4;0;0;0;0;0;5;0;0;0;0;0;0;0;0;0;0;0;0;0;0;3;0;0;0;0;0;0;0;0;0;0;9;7;0;0;0;0;0;0;1;0;0;1;0;4;2;0;0;0
"4";"0";"3";10;1;0;0;0;0;0;4;11;0;0;0;0;0;0;0;0;20;360;30681;0;0;0;0;0;0;0;0;0;0;0;0;0;0;0;0;0;0;0;0;0;0;0;0;0;0;20;0;0;20;0;0;0;0;0;0;0;1;28;5;6;1;0;1;2;179;1;6;0;0;0;0;0;0;152;0;0;0;0;1;0;0;0;0;162;14;0;36;0;2;0;9;0;0;1;0;0;0;0;0;0;2;0;0;0;0;0;0;0;0;0;1;0;0;0;0;0;0;0;0;3;1;4;4;0;0;0;0;2;0;0;0;1;0;5;0;0;0;0;0;0;0;0;0;0;1;0;0;0;1;0;0;0;0;0;0;0;0;0;0;2;4;0;0;0;0;0;0;0;0;0;0;0;5;0;0;0;0
"4";"0.9";"4";10;0;0;0;0;0;0;3;13;0;0;0;0;0;0;0;0;10;520;28464;0;80;0;120;0;0;10;0;0;0;0;0;0;0;0;0;0;0;0;10;0;10;0;10;0;0;0;0;0;0;0;0;0;0;0;0;0;0;40;11;1;0;0;1;0;198;0;0;0;0;0;0;0;0;2;0;0;0;2;3;0;0;0;0;160;3;0;36;0;0;0;11;1;0;0;0;0;0;0;0;0;0;0;0;0;0;0;0;0;0;0;0;0;0;0;0;0;0;1;0;0;4;2;3;0;0;0;0;6;0;0;0;3;2;16;0;0;0;0;0;0;0;0;0;0;0;0;0;0;8;1;0;0;0;0;0;0;0;0;0;2;3;0;0;0;0;0;0;0;0;0;0;0;1;0;0;0;0
"4";"0";"5";2;1;0;0;0;0;0;1;1;0;0;0;0;0;0;0;0;0;220;44507;4781;40;40;380;0;0;1700;0;0;0;0;0;20;0;0;0;0;0;0;0;0;0;0;0;0;0;0;0;0;0;0;0;0;0;0;0;0;1;1;15;1;0;4;5;0;77;0;1;0;0;0;15;0;0;2;0;3;0;1;5;0;4;0;0;470;30;0;237;4;0;0;4;0;0;0;0;0;0;0;0;0;0;0;0;0;0;0;0;0;0;0;0;0;4;0;0;0;0;0;0;2;5;0;9;0;0;0;0;2;0;0;0;0;0;2;0;0;0;0;0;0;0;0;0;0;0;0;1;0;0;0;0;0;0;0;0;0;0;0;0;11;12;0;0;2;0;0;0;0;0;0;0;0;3;1;0;0;0
"4";"44";"6";0;0;0;0;0;0;0;1;0;0;0;0;0;0;0;0;0;0;0;24038;0;80;0;20;0;0;0;0;0;0;0;0;0;0;0;0;0;0;0;0;0;0;0;0;0;0;0;0;0;0;0;0;0;0;0;0;0;5;145;17;15;4;0;0;0;1;0;6;0;0;0;0;0;0;0;0;3;0;0;0;0;0;0;0;0;0;0;0;0;0;0;0;0;0;0;0;0;0;0;0;0;0;0;0;0;0;0;0;0;0;0;0;0;0;0;0;1;0;0;0;0;0;0;2;0;0;0;0;0;0;0;0;0;0;0;0;0;0;0;0;0;0;0;0;0;0;0;0;0;0;0;0;0;0;0;0;0;0;0;0;0;0;0;0;0;0;0;0;0;0;0;0;0;0;0;0;0;0
"4";"6";"7";0;0;0;0;0;0;0;5;2;1;0;0;0;0;0;0;0;0;50;17196;1860;80;0;20;0;0;6402;0;0;0;0;0;0;0;0;0;10;0;20;0;0;0;0;10;0;0;0;0;0;0;0;0;0;0;10;0;0;1;348;21;0;1;0;1;0;5;0;0;0;0;0;0;0;0;0;0;1;0;0;1;0;3;0;0;0;0;0;0;0;0;0;1;0;0;0;0;0;0;0;0;0;0;0;0;0;0;0;0;0;0;0;0;0;0;0;0;0;0;0;0;0;0;0;0;0;0;0;0;0;0;0;0;0;0;0;0;0;0;0;0;0;0;0;0;0;0;0;0;0;0;1;1;0;0;0;0;0;0;0;0;0;0;0;0;0;0;0;0;0;0;0;0;0;0;0;0;0;0
"4";"0.1";"8";12;2;0;0;0;0;0;2;21;1;0;0;0;0;0;0;0;0;80;21150;1540;40;50;190;0;0;3599;0;0;0;0;0;0;0;0;0;0;0;0;0;0;0;0;0;0;0;0;0;0;0;0;0;0;0;0;0;0;0;40;0;0;1;7;0;0;38;0;9;0;0;0;0;0;0;0;0;0;0;0;1;0;4;0;0;163;47;0;283;6;0;0;0;0;0;0;0;0;0;0;0;0;1;0;0;0;0;0;0;0;0;0;0;0;0;0;0;0;0;0;0;0;6;0;0;0;0;1;0;1;0;0;0;0;0;0;0;0;0;0;0;0;0;0;0;0;1;0;0;0;0;0;0;0;0;0;0;0;0;0;0;0;1;0;0;0;0;0;0;0;0;0;0;0;7;0;0;0;0
"4";"44";"9";0;0;0;0;0;0;0;0;0;2;0;0;0;0;0;0;0;0;0;32126;0;240;20;60;0;0;20;0;0;0;0;0;0;0;20;0;0;0;0;40;0;40;0;0;0;0;0;0;0;10;0;0;0;0;0;0;0;0;42;13;0;0;0;0;0;38;0;5;0;0;0;0;0;0;0;0;0;0;1;0;0;0;0;0;0;0;0;0;0;0;0;0;0;0;0;0;0;0;0;0;0;0;0;0;0;0;0;0;0;0;0;0;0;0;0;0;3;0;0;0;0;0;0;4;0;0;0;0;0;0;0;0;0;0;0;0;0;0;0;0;0;0;0;0;0;0;0;0;0;0;0;0;0;0;0;0;0;0;0;0;0;0;0;0;0;0;0;0;0;0;0;0;0;0;0;0;0;0
"4";"0.9";"10";2;0;0;0;0;0;0;3;3;0;0;0;0;0;0;0;0;0;40;6480;0;40;0;360;0;0;240;0;0;0;0;0;0;0;0;0;0;0;0;0;0;0;0;10;0;20;0;0;0;0;0;0;0;0;0;0;0;1;42;9;1;1;9;6;0;21;0;9;2;0;0;0;0;0;0;0;0;0;0;2;0;0;0;0;36;2;0;1;0;0;0;0;0;0;0;0;0;0;0;0;0;0;0;0;0;0;0;0;0;0;0;1;0;0;0;0;0;0;0;0;0;2;1;0;0;0;0;0;3;0;0;0;0;0;1;0;0;0;0;0;0;0;0;0;0;1;0;0;0;0;0;1;0;0;0;0;0;0;0;0;2;2;0;0;2;0;0;0;0;0;0;0;0;0;0;0;0;0
"4";"0";"11";6;1;0;0;0;0;0;1;2;0;0;0;0;0;0;0;0;0;60;40393;3359;240;0;220;0;0;3198;0;0;0;0;0;0;0;0;0;0;0;0;0;0;0;0;0;0;0;0;0;0;10;0;0;10;0;0;0;0;0;6;6;0;0;0;25;0;4;0;0;0;0;0;1;0;0;0;0;0;0;0;0;4;37;1;0;251;59;0;243;4;0;0;3;0;0;0;0;0;0;0;0;0;0;0;0;0;0;0;0;0;0;0;1;0;0;0;0;1;0;0;0;0;8;1;12;0;0;0;0;7;0;0;0;0;0;0;0;0;0;0;0;0;0;0;0;0;0;0;0;0;0;0;0;0;0;0;0;0;0;0;0;1;4;0;0;1;0;0;0;0;0;0;0;0;12;0;0;0;0
"4";"6";"12";0;0;0;0;0;0;0;1;1;1;0;0;0;0;0;0;0;10;10;19234;0;200;0;50;0;0;10;0;0;0;0;0;0;0;20;0;0;0;0;0;0;10;0;0;0;0;0;0;0;0;0;0;0;0;0;0;0;0;105;11;0;1;2;0;0;15;0;14;0;0;0;0;0;0;0;0;0;0;2;0;0;0;0;0;0;0;0;0;0;0;0;0;0;0;4;0;1;0;0;0;0;0;0;0;0;0;0;0;0;0;0;0;0;0;0;0;0;0;0;0;0;0;0;11;0;0;0;0;0;0;0;0;0;0;0;0;0;0;0;0;0;0;0;0;0;0;0;0;0;0;0;0;0;0;0;0;0;0;0;0;0;0;0;0;0;0;0;0;0;0;0;0;0;0;0;0;0;0
"8";"0.1";"1";5;0;0;0;0;0;0;2;8;0;0;0;0;0;0;0;0;0;180;10921;40;40;20;0;0;0;80;0;0;0;0;0;0;0;0;0;0;0;20;0;0;0;0;10;0;0;0;0;0;0;0;0;0;0;0;0;0;0;15;26;1;1;1;0;0;11;0;0;0;0;0;0;0;0;0;0;0;0;0;1;1;4;0;0;55;3;1;44;3;0;0;17;0;0;0;0;0;0;0;0;0;0;0;0;0;0;0;0;0;0;0;0;0;0;0;0;1;0;0;0;0;0;0;1;0;0;2;0;0;0;0;0;0;0;61;0;0;0;0;0;0;0;0;0;0;2;0;0;0;0;0;0;0;0;0;0;0;0;0;0;8;8;0;0;1;0;0;0;1;0;0;0;0;1;0;0;0;0
"8";"0";"2";5;1;0;0;0;0;0;2;6;0;0;0;0;0;0;0;0;0;30;27294;0;0;0;0;0;0;10;0;0;0;0;0;0;0;10;10;0;0;260;0;0;0;0;0;0;0;0;0;0;0;0;0;0;0;0;0;0;0;69;16;0;0;2;3;0;43;0;0;0;22;0;0;0;0;0;0;0;0;0;0;2;0;0;0;103;2;0;23;14;12;0;26;0;0;0;0;0;0;0;0;0;0;0;0;0;0;0;0;0;0;0;2;0;0;0;0;0;0;0;0;0;0;1;4;0;0;5;0;10;0;1;0;5;0;37;0;0;0;0;0;0;0;0;0;0;0;0;0;0;3;0;0;0;0;0;0;0;0;0;0;8;5;0;0;0;0;0;0;3;0;0;3;0;2;0;0;0;0
"8";"0";"3";7;4;0;0;0;0;0;3;12;0;0;0;0;0;0;0;0;20;140;24647;0;0;0;60;0;0;0;0;0;0;0;0;60;0;20;0;0;0;20;0;0;20;0;50;0;0;0;0;0;0;0;0;0;0;0;0;0;1;191;10;1;3;0;6;0;105;0;14;0;0;0;0;0;0;106;0;0;0;0;0;1;1;0;0;65;2;0;18;12;0;0;8;0;0;1;0;0;0;0;0;0;0;0;0;0;0;1;0;0;0;0;0;0;1;0;0;3;0;2;0;0;5;5;10;0;0;2;0;8;0;0;0;10;1;83;0;0;0;0;0;0;2;0;0;0;0;0;0;0;3;0;0;0;0;4;0;0;0;0;0;3;3;0;0;0;0;0;0;0;0;0;0;0;3;0;0;0;0
"8";"0.9";"4";3;0;0;0;0;0;0;5;14;0;0;0;0;0;0;0;0;0;160;5358;0;160;10;100;10;0;0;0;0;0;0;0;0;0;0;0;0;0;0;10;0;0;0;0;0;0;0;0;0;0;0;0;0;0;0;0;0;2;23;29;0;4;1;1;0;119;0;0;0;0;0;0;0;0;0;0;0;0;1;0;0;1;0;0;53;6;0;12;2;2;0;35;0;0;0;0;0;0;0;0;0;0;0;0;0;0;1;0;0;0;0;0;0;0;1;0;0;0;2;0;0;2;2;2;0;0;0;0;15;0;0;0;15;0;243;0;1;0;0;0;0;0;0;0;0;0;0;0;0;6;0;0;0;0;2;0;1;4;0;0;18;4;0;0;0;0;0;1;3;0;0;0;0;0;0;0;0;0
"8";"0";"5";4;1;0;0;0;0;0;1;6;0;0;0;0;0;0;0;0;0;80;18479;160;0;0;480;0;0;3141;0;40;0;0;0;0;0;0;0;0;0;0;0;0;0;0;0;0;0;0;0;0;0;0;0;0;0;0;0;0;0;9;30;0;0;2;1;1;8;0;2;0;0;0;0;0;0;0;0;1;0;0;1;3;25;0;0;224;13;0;423;0;2;0;29;0;0;0;0;0;0;1;0;0;0;0;0;0;0;0;0;0;0;0;1;0;1;0;0;0;0;0;0;0;2;2;18;0;0;0;0;2;0;0;0;0;0;1;0;0;0;0;0;0;0;0;0;0;0;0;0;0;0;0;0;0;0;0;0;0;0;0;0;9;8;0;0;1;0;0;0;0;1;0;0;0;6;0;0;0;1
"8";"44";"6";0;0;0;0;0;0;0;0;0;1;0;0;0;0;0;0;0;0;0;10877;0;0;0;20;0;0;0;0;0;0;0;0;0;0;40;0;0;0;20;0;0;0;0;0;0;0;0;0;0;0;0;0;0;0;0;0;0;0;326;30;5;0;0;0;0;0;0;6;0;0;0;0;0;0;0;0;8;0;0;0;0;0;0;0;0;0;0;1;0;3;0;4;0;0;0;0;0;0;0;0;0;0;0;0;0;0;0;2;0;0;0;1;0;0;0;1;1;0;0;0;0;0;0;2;0;0;0;0;0;0;0;0;0;0;0;0;0;0;0;0;0;0;0;0;0;0;0;0;0;0;0;0;0;0;0;0;0;0;0;0;0;1;0;0;0;0;0;0;0;0;0;0;0;0;0;0;0;0
"8";"6";"7";8;0;0;0;0;0;0;1;6;1;0;0;0;0;0;0;0;0;50;14565;40;80;0;330;0;0;1220;0;0;0;0;0;0;0;0;0;0;0;0;0;0;0;0;10;0;10;0;0;0;0;0;0;0;0;0;0;0;0;74;25;0;2;0;34;0;5;0;1;0;0;0;0;0;0;0;0;2;0;0;0;0;20;0;0;0;0;0;337;0;0;0;23;0;0;0;0;1;0;0;0;0;0;0;0;0;0;0;0;0;0;0;1;0;0;0;0;0;0;0;0;0;0;0;0;0;0;0;0;2;0;0;0;0;0;41;0;0;0;0;0;1;0;0;0;0;0;0;0;0;1;0;0;0;0;0;0;0;2;0;0;2;3;0;0;0;0;0;0;0;0;0;0;0;0;0;0;0;2
"8";"0.1";"8";4;4;0;0;0;0;0;2;9;0;0;0;0;0;0;0;0;10;220;19681;320;120;70;250;0;0;340;0;0;0;0;0;0;0;0;0;10;0;0;0;0;0;10;20;0;0;0;0;0;0;0;0;0;0;0;0;0;0;23;20;0;0;10;0;0;16;0;4;0;0;0;0;0;0;0;0;0;0;0;1;1;5;0;0;123;23;0;132;11;0;0;2;0;0;0;0;2;0;0;2;0;0;0;0;0;0;1;0;1;0;0;0;0;1;0;0;0;0;0;0;0;6;4;1;0;0;3;0;2;0;0;0;4;0;1;0;0;0;0;0;0;0;0;0;0;1;0;0;0;0;0;0;0;0;0;0;0;0;0;0;1;5;0;0;0;0;0;0;0;0;0;0;0;4;0;0;0;0
"8";"44";"9";0;0;0;0;0;0;0;0;0;1;0;0;0;0;0;0;0;0;0;6201;0;40;0;100;0;0;60;0;0;0;0;0;0;0;40;0;0;0;80;0;0;0;0;40;0;0;0;0;0;0;0;0;0;0;0;0;0;0;278;30;1;1;0;0;0;20;0;31;0;0;0;0;0;0;44;0;0;0;0;0;0;0;0;0;1;0;0;0;0;0;0;12;0;0;1;0;0;0;1;0;0;0;0;0;0;0;1;0;0;0;0;0;0;0;0;0;0;0;0;0;0;0;0;2;0;0;0;0;0;0;0;0;0;0;0;0;0;0;0;0;0;0;0;0;0;0;0;0;0;2;0;0;0;0;0;0;0;0;0;0;0;0;0;0;0;0;0;0;0;0;0;0;0;1;0;0;0;0
"8";"0.9";"10";6;0;0;0;0;0;0;3;6;0;0;0;0;0;0;0;0;0;60;8479;10;0;0;20;0;0;260;0;0;0;0;0;0;0;0;0;0;0;10;0;0;0;0;0;0;0;0;0;0;0;0;0;0;0;0;0;0;5;20;34;0;4;2;0;0;78;0;10;3;0;0;0;0;3;0;0;0;0;16;1;0;0;0;0;150;4;1;120;3;0;0;15;0;0;0;0;0;0;0;0;0;0;0;0;0;0;0;0;0;0;0;0;0;0;0;0;0;0;0;0;0;1;1;0;0;0;0;0;5;0;0;0;5;0;4;0;0;0;0;0;0;0;0;0;0;0;0;0;0;1;0;1;0;0;0;0;0;0;0;0;2;5;0;0;0;0;0;0;1;0;0;2;0;11;0;0;0;0
"8";"0";"11";6;1;0;0;0;0;0;3;11;0;0;0;0;0;0;0;0;0;80;33237;120;0;0;30;0;0;210;20;0;0;0;0;0;0;0;0;0;0;0;0;0;0;0;0;0;0;0;0;0;10;0;0;0;0;0;0;0;0;1;23;1;0;1;12;0;4;0;0;0;0;0;0;0;0;0;0;0;0;0;0;9;29;0;0;131;0;0;324;0;0;0;7;0;0;5;0;0;0;6;0;0;0;0;0;0;0;0;0;0;0;0;0;0;0;0;0;0;0;1;0;0;3;2;28;0;0;1;0;8;0;0;0;0;0;0;0;0;0;0;0;0;0;0;0;0;1;0;0;0;0;0;0;0;0;0;0;0;0;0;0;0;4;0;0;3;0;0;0;0;0;0;0;0;24;0;0;0;0
"8";"6";"12";0;0;0;0;0;0;0;1;3;1;0;0;0;0;0;0;0;0;30;26753;0;40;0;110;0;0;0;0;0;0;0;0;0;0;10;0;0;0;0;0;0;0;0;0;0;0;0;0;0;0;0;0;0;0;0;0;0;1;214;22;0;3;0;1;0;14;0;25;0;0;0;0;0;0;1;0;0;0;4;1;0;2;0;0;2;0;0;14;0;0;0;8;0;0;3;0;0;0;0;0;0;0;0;0;0;0;0;0;0;0;0;0;0;1;0;0;0;0;0;0;0;0;1;23;0;0;0;0;6;0;0;0;1;0;30;0;0;0;0;1;0;0;0;0;0;0;0;0;0;1;0;0;0;0;0;0;0;0;0;0;4;2;0;0;0;0;0;0;0;0;0;0;0;1;0;0;0;0
"12";"0.1";"1";9;0;1;0;0;0;0;7;46;0;0;0;0;0;0;0;0;0;10;38887;0;200;0;0;60;0;130;0;0;0;0;0;10;10;0;0;0;0;0;0;10;20;0;70;0;10;0;0;0;0;0;0;0;0;0;0;0;0;42;31;0;0;1;0;0;20;0;9;0;0;0;0;0;0;1;0;0;0;0;0;0;1;0;0;67;1;0;84;0;0;0;71;0;0;1;0;0;0;1;0;0;0;0;0;0;1;0;0;0;0;0;0;1;1;0;0;0;0;0;0;0;1;0;4;0;0;3;0;4;0;0;0;0;0;136;0;0;6;0;0;0;0;0;0;0;0;0;0;0;0;0;0;0;0;0;0;0;6;0;0;6;3;0;0;0;0;0;0;1;0;0;0;0;3;0;0;0;0
"12";"0";"2";9;1;1;0;0;0;0;4;11;0;0;0;0;0;0;0;0;0;0;35186;0;360;0;0;0;0;60;0;0;0;0;0;0;0;0;0;0;0;120;0;0;0;0;10;0;0;0;0;0;0;0;0;0;0;0;0;0;0;23;54;0;0;2;5;0;11;0;0;0;16;0;0;0;0;0;0;0;0;0;1;7;2;0;0;115;1;1;58;0;0;0;80;0;0;0;0;0;0;0;0;0;0;0;0;2;0;0;0;0;0;0;1;0;1;0;0;0;0;0;0;0;1;5;3;0;0;4;0;9;0;0;0;0;0;11;0;0;0;0;0;0;0;0;0;0;0;0;0;0;3;4;0;0;0;5;0;0;5;0;0;15;4;0;0;0;0;0;0;1;0;0;1;0;14;1;0;2;0
"12";"0";"3";5;19;0;0;0;0;1;11;31;0;0;0;0;0;0;0;0;0;20;15794;0;20;0;0;0;0;0;0;0;0;10;0;20;0;0;0;0;0;40;10;0;0;0;0;0;0;0;0;0;0;0;0;0;0;0;0;0;0;285;56;4;7;0;8;0;68;0;28;0;0;0;0;0;0;102;0;0;0;0;2;2;2;0;0;51;2;0;71;0;0;0;38;0;0;0;0;0;0;0;0;0;0;0;0;0;0;0;0;0;0;0;0;0;1;0;0;0;0;0;0;0;10;5;3;0;0;6;0;13;0;0;0;0;0;44;0;0;1;0;0;0;1;0;0;0;0;0;0;0;0;1;0;0;0;3;0;0;4;0;0;14;4;0;0;0;0;0;0;0;0;0;0;0;17;0;1;0;0
"12";"0.9";"4";12;2;1;0;0;0;0;12;29;0;0;0;0;0;0;0;0;0;30;19760;0;200;0;0;0;0;40;0;0;0;0;0;0;0;0;0;0;0;10;0;20;0;0;0;0;0;0;0;0;0;0;0;0;0;0;0;0;0;236;31;1;0;0;1;0;32;0;2;0;0;0;0;0;0;0;0;0;0;0;1;0;0;0;0;19;0;0;40;0;0;0;21;0;0;0;0;0;0;0;0;0;0;0;0;0;0;0;0;0;0;0;0;0;0;1;0;0;0;0;0;0;0;1;2;0;0;1;0;10;0;0;0;0;0;279;0;0;0;0;0;0;1;0;0;0;0;0;0;0;2;0;0;0;0;19;0;0;15;0;0;6;2;0;0;0;0;0;0;7;0;0;0;0;0;0;2;0;0
"12";"0";"5";1;3;0;0;0;0;0;0;3;0;0;0;0;0;0;0;0;0;20;14595;380;0;0;240;40;0;1020;0;28069;0;0;0;0;0;0;0;0;0;0;0;0;0;0;0;0;0;0;0;0;0;0;0;0;0;0;0;0;0;57;43;1;3;12;3;0;27;0;7;0;0;0;0;0;0;0;0;0;0;0;1;1;43;0;0;130;3;0;348;0;0;0;63;0;2;0;0;0;0;3;0;0;0;0;0;0;1;0;0;0;0;0;3;0;3;0;0;0;0;0;0;0;10;6;4;0;0;0;0;6;0;0;0;0;0;5;0;0;0;0;0;0;0;0;0;0;0;0;0;0;0;0;0;0;0;1;0;0;0;0;0;2;7;0;0;0;0;0;0;0;0;0;1;0;36;1;2;0;2
"12";"44";"6";16;0;0;0;0;0;0;0;1;0;0;0;0;0;0;0;0;0;0;1360;0;40;0;0;0;0;900;0;0;0;0;0;0;0;0;0;20;0;20;0;0;0;0;0;0;0;0;0;0;0;0;0;0;0;0;0;0;0;75;53;6;2;1;0;0;2;0;9;0;0;0;0;0;0;0;0;0;0;0;1;0;0;0;0;1;0;0;84;0;0;0;43;0;0;0;0;0;0;0;0;0;0;0;0;0;0;0;0;0;0;0;0;0;0;0;0;0;0;0;0;0;0;0;0;0;0;0;0;0;0;0;0;0;0;0;0;0;0;0;0;0;0;0;0;0;0;0;0;0;0;0;0;0;0;0;0;0;0;0;0;0;1;0;0;0;0;0;0;0;0;0;0;0;0;0;0;0;0
"12";"6";"7";5;0;0;0;0;0;0;0;4;0;0;0;0;0;0;0;0;0;0;21642;520;240;0;110;0;0;380;0;0;0;0;0;20;0;0;0;0;0;10;0;0;0;0;0;0;0;0;0;0;0;0;0;0;0;0;0;0;0;15;102;0;2;0;3;0;21;0;6;0;0;0;0;0;0;0;0;0;0;0;0;0;33;0;0;36;0;0;82;0;0;0;63;0;0;1;0;0;0;0;0;0;0;0;0;0;0;0;0;0;0;0;0;0;1;0;0;0;0;0;0;0;0;0;0;0;0;0;0;0;0;0;0;0;0;1;0;0;0;0;0;0;0;0;0;0;0;0;0;0;0;0;0;0;0;0;0;0;0;0;0;0;8;0;0;0;0;0;0;0;0;0;0;0;6;0;0;0;0
"12";"0.1";"8";8;1;1;0;0;0;0;3;5;0;0;0;0;0;0;0;0;0;50;17403;1040;560;0;50;0;0;820;0;0;0;0;0;0;0;0;0;0;0;0;0;0;0;0;10;0;0;0;0;0;0;0;0;0;0;0;0;0;0;49;29;2;5;23;0;0;99;0;6;0;0;0;0;0;0;0;0;0;0;1;3;1;2;0;0;89;0;0;235;2;0;0;19;0;0;0;0;0;0;2;0;0;0;0;0;0;0;0;0;0;0;0;0;0;0;0;0;0;0;0;0;0;3;2;5;0;0;5;0;4;0;0;0;0;0;8;0;0;0;0;0;0;0;0;0;0;1;0;0;0;0;0;0;0;0;0;0;0;0;0;0;2;4;0;0;0;0;0;0;0;1;0;0;0;35;0;0;0;0
"12";"44";"9";0;0;0;0;0;0;0;1;0;0;0;0;0;0;0;0;0;0;0;27431;0;20;0;10;0;0;80;0;0;0;0;0;0;0;0;0;20;0;0;20;0;0;0;0;0;20;0;0;0;0;0;0;0;0;0;0;0;0;58;72;0;1;12;2;0;245;0;71;0;0;0;0;0;0;5;0;0;0;6;2;0;0;0;0;0;0;0;12;0;0;0;147;0;0;0;0;0;0;0;0;0;0;0;0;0;0;0;0;0;0;0;0;0;1;0;0;0;0;1;0;0;0;0;5;0;0;0;0;2;0;0;0;0;0;0;0;0;0;0;0;0;0;0;0;0;0;0;0;0;0;1;0;0;0;0;0;0;0;0;6;0;3;0;0;0;0;0;0;0;0;0;0;0;1;0;0;0;0
"12";"0.9";"10";10;3;0;0;0;0;0;2;2;0;0;0;0;0;0;0;0;0;0;37512;10;120;0;0;0;0;120;0;0;0;0;0;0;0;0;0;0;0;0;0;0;10;0;30;0;0;0;0;0;0;0;0;0;0;0;0;0;1;6;80;1;4;23;0;0;129;0;38;2;0;0;0;0;0;0;0;0;0;58;2;0;3;0;0;248;1;0;111;0;0;0;58;0;0;1;0;0;0;0;0;0;0;0;0;0;2;0;0;0;0;0;0;0;0;0;0;0;0;0;0;0;2;2;3;0;0;0;0;4;0;0;0;0;0;0;0;0;0;0;0;0;0;0;0;0;0;0;0;0;0;0;0;0;0;0;0;0;1;0;1;2;7;0;0;0;0;0;0;4;0;0;0;0;7;1;0;1;0
"12";"0";"11";16;1;0;0;0;0;0;1;7;0;0;0;0;0;0;0;0;0;10;28722;1160;80;0;280;0;0;4001;620;0;0;0;0;0;0;0;0;20;0;10;0;0;0;0;0;0;0;0;0;0;0;0;0;0;0;0;0;0;0;40;27;0;2;3;38;0;55;0;0;0;0;0;0;0;0;1;0;0;0;0;2;7;21;0;0;89;0;0;171;0;0;0;61;0;1;0;1;0;0;0;6;0;1;0;0;0;0;0;0;0;0;0;0;0;0;2;0;0;0;0;0;0;3;0;3;0;0;0;0;4;0;0;0;0;0;41;0;0;0;0;0;0;0;0;0;0;2;0;0;0;1;0;0;0;0;15;0;0;20;0;0;8;5;0;0;0;0;0;0;0;0;0;0;0;41;0;4;0;2
"12";"6";"12";16;2;0;0;0;0;0;1;8;0;0;0;0;0;0;0;0;0;10;18759;0;0;0;240;0;0;230;0;0;0;0;0;0;0;0;0;0;0;10;0;10;0;0;10;0;10;0;0;0;0;0;0;0;0;0;0;0;1;58;28;0;9;3;1;0;57;0;105;0;0;0;0;0;0;0;0;0;0;0;0;0;6;0;0;13;0;0;45;0;0;0;57;0;0;1;0;0;0;0;0;0;0;0;0;0;0;0;0;0;0;0;0;0;0;0;0;0;0;0;0;0;0;0;0;0;0;0;0;5;0;0;0;0;0;3;0;0;0;0;0;0;0;0;0;0;0;0;0;0;1;0;0;0;0;1;0;0;0;0;0;6;7;0;0;0;0;0;0;10;0;0;0;0;7;0;0;0;0
"15";"0.1";"1";6;0;9;2;0;2;1;10;61;1;0;0;0;0;0;0;0;0;10;13074;0;10;0;10;0;0;20;0;0;0;0;0;0;0;0;0;0;10;0;0;0;0;0;0;0;0;0;0;0;0;0;0;0;0;0;0;0;1;162;41;1;0;1;0;0;31;0;11;0;0;0;0;0;0;0;0;0;0;0;2;1;1;0;0;50;3;0;15;1;0;0;23;0;0;0;0;0;0;1;0;0;0;0;0;0;0;0;0;0;0;0;0;0;0;0;0;0;0;0;0;0;1;0;0;0;0;3;0;5;0;0;0;5;1;71;0;0;0;0;1;0;0;0;0;0;0;0;0;0;5;0;0;0;0;11;0;4;30;0;0;0;4;0;0;0;0;0;0;0;0;0;0;0;2;0;0;0;0
"15";"0";"2";15;1;5;2;2;1;4;12;61;0;0;1;0;0;0;0;0;10;40;21794;0;40;0;0;0;0;0;0;0;0;0;0;10;0;0;0;0;0;20;0;0;10;0;0;0;0;0;0;0;0;0;0;0;0;0;0;0;2;27;50;0;0;4;0;0;10;0;0;0;9;0;0;0;0;0;0;0;0;0;0;2;0;0;0;52;5;0;19;5;3;0;49;0;0;0;0;0;1;0;0;0;0;0;0;0;0;0;0;0;0;0;0;0;0;0;0;0;0;1;0;0;0;0;0;0;0;4;0;6;0;0;0;0;0;5;0;0;0;0;0;0;0;0;0;0;1;0;0;0;1;0;0;0;0;0;0;1;8;1;0;0;7;0;0;0;0;0;1;0;0;0;0;1;15;0;0;0;4
"15";"0";"3";5;3;3;2;0;1;2;16;51;0;0;0;1;0;0;0;0;10;0;21926;40;20;0;20;0;0;80;0;0;0;0;0;0;0;0;0;40;0;0;0;20;0;0;0;0;20;0;0;0;0;0;0;0;0;0;0;0;0;561;65;4;4;3;4;0;51;0;57;0;0;0;0;0;0;31;0;3;0;12;1;2;0;0;0;296;40;0;17;2;2;0;50;0;0;0;0;0;0;0;0;0;0;0;0;0;0;0;0;0;0;0;2;0;3;0;0;0;0;0;0;0;1;0;0;0;0;2;0;4;0;0;0;1;0;7;0;0;0;0;0;0;0;0;0;0;1;0;0;0;5;0;0;0;0;0;0;2;1;0;0;3;3;0;0;1;0;0;0;0;1;0;0;0;5;0;0;0;0
"15";"0.9";"4";7;8;3;9;0;8;0;21;25;0;0;0;0;0;0;0;0;0;10;6998;0;20;20;10;10;0;120;0;0;0;0;0;0;0;0;0;10;0;0;0;0;0;0;10;0;10;0;0;0;10;0;0;0;0;0;0;0;0;8;52;1;2;1;7;0;138;0;4;0;0;0;0;0;0;0;0;0;0;0;4;0;0;0;0;99;12;0;24;3;7;7;104;0;0;0;0;1;0;0;0;1;0;0;0;0;1;0;0;0;0;0;0;0;4;2;0;3;0;0;0;1;5;3;0;0;0;0;0;1;0;0;0;2;0;34;0;0;0;0;0;0;0;0;0;0;0;0;0;0;1;0;0;0;0;8;0;0;4;0;0;6;4;0;0;0;0;0;0;0;0;0;0;0;10;0;0;0;0
"15";"0";"5";15;7;1;0;0;0;0;2;25;0;0;0;0;0;0;0;0;0;60;25963;60;80;0;380;20;0;1141;0;0;0;0;0;20;0;0;0;20;0;0;0;0;0;0;0;0;0;0;0;0;0;0;0;0;0;0;0;0;0;119;36;1;0;41;0;0;1;0;0;0;0;0;0;0;0;0;0;15;0;0;4;8;24;0;0;30;2;0;297;0;0;0;17;0;0;0;0;0;0;0;0;0;0;0;0;0;0;0;0;0;0;0;1;0;0;0;0;0;0;0;0;0;0;0;0;0;0;2;0;1;0;0;0;0;0;5;0;0;0;0;0;0;0;0;0;0;0;0;0;0;0;0;0;0;0;0;0;0;0;0;0;2;7;0;0;0;0;0;0;0;0;0;0;0;59;0;0;0;0
"15";"44";"6";26;0;0;0;0;0;0;1;8;0;0;0;0;0;0;0;0;0;0;4240;0;40;0;0;0;0;140;0;0;0;0;0;0;0;0;0;0;0;0;0;0;0;0;0;0;0;0;0;0;0;0;0;0;0;0;0;0;0;523;48;4;0;0;0;0;2;0;12;0;1;0;0;0;0;0;0;6;0;0;0;0;1;0;0;1;1;0;33;2;11;0;48;0;0;0;0;0;0;0;0;0;0;0;0;0;0;0;0;0;0;0;0;0;0;0;0;0;0;0;0;0;0;0;0;0;0;0;0;4;3;0;0;0;0;0;0;0;0;0;0;0;0;0;0;0;0;0;0;0;4;3;0;0;0;0;0;0;1;0;0;0;2;0;0;0;0;0;0;0;0;0;0;0;2;0;0;0;0
"15";"6";"7";9;1;0;0;0;0;0;0;12;0;0;0;0;0;0;0;0;0;60;13635;370;440;0;230;0;0;210;0;0;0;0;0;0;0;0;0;10;0;10;0;0;0;0;0;0;0;0;0;0;0;0;0;0;0;0;0;0;0;70;85;1;0;1;10;0;158;0;2;0;0;0;0;0;0;0;0;4;0;1;6;0;23;0;0;5;1;0;26;0;0;0;25;0;2;0;0;0;0;1;0;0;1;0;0;0;1;0;0;0;0;0;0;0;1;0;0;0;0;0;0;0;0;0;0;0;0;0;0;6;0;0;0;0;0;15;0;0;0;0;0;0;0;0;0;0;0;0;0;0;0;0;0;0;0;0;0;0;2;0;0;0;7;0;0;0;0;0;0;0;0;0;0;0;4;0;0;0;0
"15";"0.1";"8";6;3;1;0;0;0;0;2;7;0;0;0;0;0;0;0;0;10;130;24475;1599;40;0;110;0;0;1360;10;0;0;0;0;0;0;0;0;0;20;0;0;0;0;0;20;0;0;0;0;0;0;0;0;0;0;0;0;0;0;93;37;1;0;13;0;0;77;0;21;0;0;0;0;0;0;0;0;0;0;0;0;3;5;0;0;15;7;0;28;0;3;0;44;0;0;0;0;0;0;0;1;0;0;0;0;0;0;0;0;0;0;0;0;0;0;1;0;0;0;0;0;0;2;0;0;0;0;2;0;0;0;0;0;1;0;1;0;0;0;0;0;0;0;0;0;0;0;0;0;0;0;0;0;0;0;0;0;0;3;0;0;0;5;0;0;0;0;0;0;0;0;0;1;0;35;0;0;0;0
"15";"44";"9";2;0;0;0;0;0;0;7;4;0;0;0;0;0;0;0;0;0;0;11961;0;40;0;0;0;0;100;0;0;0;0;0;0;0;0;0;20;0;0;0;10;0;0;40;10;0;0;0;0;0;0;0;0;0;0;0;0;0;27;33;0;0;18;0;0;81;0;58;0;0;0;0;0;0;0;0;1;0;0;0;0;0;0;0;0;4;0;77;2;0;0;51;0;0;0;0;0;0;0;0;0;0;0;0;0;0;0;1;0;0;0;0;0;0;0;0;0;0;0;0;0;0;0;0;0;0;0;0;0;0;0;0;0;0;0;0;0;0;0;0;0;0;0;0;0;0;0;0;0;1;1;0;0;0;0;0;0;0;0;0;0;3;0;0;0;0;0;0;0;0;0;0;0;2;0;0;0;1
"15";"0.9";"10";24;4;0;0;0;0;0;3;11;0;0;0;0;0;0;0;0;0;50;36149;0;30;0;10;0;0;10;0;0;0;0;0;0;0;0;0;0;10;0;0;0;0;0;10;0;0;0;0;0;0;0;0;0;0;0;0;0;0;3;39;0;2;2;1;0;2;0;24;0;0;0;0;0;0;0;0;6;0;20;0;0;0;0;0;15;3;0;60;0;0;0;16;0;0;0;0;0;0;0;0;0;0;0;0;0;0;0;0;0;0;0;0;0;0;0;0;0;0;0;0;0;0;1;0;0;0;0;0;0;0;0;0;0;0;0;0;0;0;0;0;0;0;0;0;0;0;0;0;0;0;3;0;0;0;0;0;0;0;0;0;0;3;0;0;0;0;0;0;0;0;0;0;0;6;0;0;0;1
"15";"0";"11";14;1;0;0;0;0;0;2;25;0;0;1;0;1;2;0;0;0;0;38308;280;10;50;260;0;0;1100;60;0;0;0;0;30;0;0;0;0;0;20;0;0;0;0;0;0;0;0;0;0;20;0;0;0;0;0;0;0;0;1;11;4;0;0;4;0;26;0;4;0;0;0;0;0;0;0;0;0;0;0;0;11;8;0;0;25;2;0;108;5;0;0;44;0;0;0;0;0;0;1;0;0;0;0;0;0;0;0;0;0;0;0;0;0;1;0;0;0;0;0;0;0;1;1;0;0;0;1;0;6;0;0;0;0;0;1;0;0;0;0;0;0;0;0;0;0;1;0;0;0;0;0;0;0;0;1;0;0;3;0;0;3;6;1;0;0;0;0;0;0;0;0;3;0;212;0;0;0;0
"15";"6";"12";20;2;1;0;0;0;0;2;41;0;0;0;0;0;0;0;0;0;20;61048;0;0;0;600;0;0;2220;0;0;0;0;0;0;0;0;0;0;0;10;0;0;0;0;10;0;0;0;0;0;0;0;0;0;0;0;0;0;0;185;22;1;4;4;1;0;6;0;135;0;0;0;0;0;0;0;0;0;0;0;5;0;6;0;0;5;0;0;3;0;2;1;36;0;0;2;0;0;0;0;0;0;0;0;0;0;0;0;0;0;0;0;0;0;0;1;0;0;0;0;0;0;0;0;0;0;0;0;0;0;0;0;0;2;0;11;0;0;0;0;0;0;0;0;0;0;0;0;0;0;0;0;0;0;0;0;0;0;2;0;0;4;12;0;0;0;0;0;1;0;0;0;0;0;5;0;0;0;0
"19";"0.1";"1";3;0;24;1;0;1;4;12;69;1;0;0;0;0;0;0;0;0;0;12081;0;20;50;30;0;0;10;0;0;0;0;0;0;0;0;0;0;10;40;10;0;0;0;30;0;0;0;0;0;0;0;0;0;0;0;0;0;4;98;33;1;2;0;0;0;68;0;27;0;0;0;0;0;0;0;0;0;0;0;4;1;2;0;0;171;2;0;134;0;3;1;62;1;0;0;0;0;0;0;1;0;0;0;0;0;0;0;0;0;0;0;0;0;0;0;0;0;0;0;0;0;0;0;0;0;0;0;0;3;1;0;0;7;0;38;0;0;0;0;0;0;0;0;0;0;0;0;0;0;2;0;0;0;0;0;0;0;4;0;0;3;7;0;0;0;0;0;0;0;0;0;0;0;6;0;0;0;0
"19";"0";"2";3;1;1;3;3;3;13;13;116;0;0;1;0;0;0;0;0;0;20;19272;0;100;0;50;0;0;100;0;0;0;0;0;0;0;0;0;0;20;0;10;10;0;0;30;0;0;0;0;0;0;0;0;0;0;0;0;0;4;191;38;0;0;0;11;0;6;0;0;0;18;0;0;0;0;0;0;0;0;0;25;0;0;0;0;641;0;0;105;0;4;0;86;0;0;4;0;0;0;0;0;0;0;0;0;0;0;0;0;0;0;0;0;0;0;0;0;0;0;0;0;0;0;0;0;0;0;4;0;11;0;0;0;0;0;0;0;0;0;4;0;0;0;0;0;0;0;0;0;0;0;20;0;0;0;0;0;0;13;0;0;2;7;0;0;9;0;0;0;7;0;0;0;0;27;0;0;0;4
"19";"0";"3";6;5;2;2;1;0;2;13;52;0;0;0;5;0;0;0;0;40;10;34249;20;100;0;60;0;0;80;0;0;0;0;0;0;0;0;0;20;0;0;0;10;0;0;10;0;0;0;10;0;0;0;0;0;0;0;0;0;23;213;41;4;9;4;16;0;7;0;72;0;0;7;0;0;0;15;0;0;0;0;6;2;0;0;0;317;0;0;461;0;7;0;69;0;0;0;0;0;0;0;0;0;0;0;0;0;0;0;0;0;0;0;2;0;7;0;0;0;0;0;0;0;0;0;0;0;0;0;0;15;0;0;0;0;0;20;0;0;0;0;0;0;0;0;0;0;0;0;0;0;13;0;0;0;0;2;0;0;0;0;0;7;1;0;0;0;0;0;0;0;0;0;0;0;11;0;0;0;0
"19";"0.9";"4";2;3;1;1;0;2;0;3;20;0;0;0;0;0;0;0;0;0;10;16721;10;20;10;60;0;0;340;0;0;0;0;0;0;0;0;0;10;10;0;0;0;0;10;0;0;0;10;0;0;0;0;0;0;0;0;0;0;0;102;25;0;4;1;2;0;94;0;5;0;0;0;0;0;0;0;0;0;0;0;17;0;0;0;0;209;10;0;108;0;7;0;49;0;0;0;0;0;0;0;0;1;0;0;0;0;0;0;0;0;0;0;0;0;4;0;0;0;0;0;0;0;0;0;0;0;0;0;0;2;0;0;0;2;0;26;0;0;0;3;0;0;0;0;0;0;0;0;0;0;0;0;0;0;0;8;0;0;6;0;0;4;5;0;0;20;0;0;0;5;0;0;0;0;64;0;0;0;0
"19";"0";"5";35;1;19;1;0;1;0;5;29;2;0;1;0;0;0;0;0;0;20;46463;4021;40;0;20;0;0;1000;0;20;0;0;0;0;0;0;0;0;0;0;0;0;20;0;20;0;0;0;0;0;0;0;0;0;0;0;0;1;0;539;22;0;1;9;1;0;2;0;1;0;0;4;0;0;0;0;0;4;0;0;2;5;17;0;0;264;0;0;295;0;4;0;64;0;1;0;0;0;0;0;0;0;0;0;0;0;0;0;0;0;0;0;0;0;2;0;0;0;0;0;0;0;0;0;0;0;0;2;0;2;0;0;0;3;0;24;0;0;0;2;0;0;0;0;0;0;0;3;0;0;0;0;0;0;0;0;0;0;4;0;0;4;20;0;0;0;0;0;0;0;0;0;1;0;288;0;0;0;2
"19";"44";"6";17;0;0;0;0;0;0;2;13;1;0;0;2;0;0;0;0;0;40;21129;0;20;0;0;0;0;280;0;0;0;0;0;0;0;0;0;0;0;0;0;0;0;0;100;0;0;0;0;0;0;0;0;0;0;0;0;0;11;67;30;5;5;0;2;0;0;0;7;0;0;11;0;0;0;0;0;3;0;0;13;0;0;0;0;0;0;0;64;0;10;0;51;0;0;0;0;0;0;0;0;0;0;0;0;0;0;0;0;0;0;0;0;0;1;0;0;0;0;0;0;0;0;0;0;0;0;0;0;0;0;0;0;0;0;2;0;0;0;0;0;0;0;0;0;0;0;0;0;0;33;3;0;0;0;0;0;0;0;0;0;0;4;0;0;6;0;0;0;0;0;0;0;0;0;0;0;0;2
"19";"6";"7";26;0;0;0;0;0;0;1;30;2;0;0;0;0;0;0;0;10;10;9561;140;80;0;110;0;0;30;0;0;0;0;0;0;0;0;0;0;0;0;0;0;0;0;20;0;0;0;0;0;0;0;0;0;0;0;0;0;0;646;41;1;1;0;2;0;56;0;3;0;0;0;0;1;0;0;2;0;0;1;4;0;4;0;0;13;0;0;97;0;2;0;37;0;0;2;0;0;0;0;0;0;0;0;0;0;1;0;0;0;0;0;0;0;0;0;0;0;0;0;0;0;0;0;0;0;0;0;0;0;0;0;0;6;0;82;0;0;0;0;0;0;0;2;0;0;0;0;0;0;0;0;0;0;0;0;0;0;1;0;0;63;10;0;0;0;0;0;0;0;0;0;0;0;30;0;0;0;1
"19";"0.1";"8";10;5;2;0;0;0;0;2;20;0;0;0;0;0;0;0;0;0;40;18553;1680;0;20;60;0;0;1220;0;0;0;0;0;0;0;0;0;0;0;0;0;0;0;0;20;0;0;0;0;20;10;0;0;0;0;0;0;1;0;109;35;0;1;1;1;0;41;0;15;0;0;4;0;0;0;0;0;0;0;0;11;4;6;0;0;26;0;0;138;0;1;1;44;0;0;0;0;0;0;0;0;0;0;0;0;0;1;0;0;0;0;0;0;0;0;0;0;0;0;0;0;0;0;0;0;0;0;1;0;0;0;0;0;2;0;23;0;0;0;0;0;0;0;0;0;0;0;0;0;0;0;0;0;0;0;2;0;0;1;0;0;0;4;0;0;0;0;0;0;0;0;0;0;0;158;0;0;0;0
"19";"44";"9";18;0;0;0;0;0;0;6;2;1;0;0;0;0;0;0;0;20;20;23966;0;320;0;0;0;0;0;0;0;0;0;0;0;0;0;0;20;20;0;0;40;0;0;40;0;0;0;10;0;0;0;0;0;0;0;0;0;0;30;65;0;6;0;0;0;9;0;27;0;0;6;0;0;0;0;0;0;0;6;31;0;0;0;0;15;10;0;247;0;4;2;96;0;0;0;0;0;0;0;0;0;0;0;0;0;0;0;0;0;0;0;0;0;3;0;0;0;0;0;0;0;0;0;0;0;0;0;0;1;0;0;0;0;0;36;0;0;0;0;0;0;0;1;0;0;1;0;0;0;17;4;0;0;3;0;0;0;0;0;0;4;3;0;0;5;0;0;0;0;0;0;0;0;10;0;0;0;2
"19";"0.9";"10";11;1;0;0;0;2;0;7;28;1;0;0;2;0;0;0;0;0;10;5799;0;80;0;0;0;0;0;0;0;0;0;0;0;0;0;0;0;10;0;0;0;0;0;10;0;0;0;0;0;0;0;0;0;0;0;0;0;4;156;39;0;0;2;12;0;13;0;6;0;0;6;0;0;0;0;0;0;0;72;6;0;0;0;0;97;1;0;160;0;0;0;44;0;2;0;0;0;0;0;0;0;0;0;0;0;0;0;0;0;0;0;0;0;0;0;0;0;0;0;0;0;0;0;0;0;0;0;0;0;0;0;4;0;0;8;0;0;0;0;0;0;0;0;0;0;1;0;0;0;22;2;0;0;0;0;0;0;2;0;0;8;4;0;0;32;0;0;0;0;0;0;0;0;70;0;0;0;2
"19";"0";"11";7;1;0;0;0;0;0;1;8;0;0;0;0;0;0;0;0;10;30;41582;400;80;0;710;0;0;560;150;0;0;0;0;0;0;0;0;30;0;0;30;0;0;0;30;0;0;0;0;0;0;0;0;0;0;0;0;0;0;14;13;0;1;0;6;0;22;0;0;0;0;0;0;0;0;0;0;0;0;0;6;8;4;0;1;49;1;0;170;0;1;0;47;0;0;0;0;0;0;0;0;0;0;0;0;0;0;0;0;0;0;0;1;0;0;0;0;0;0;0;0;0;0;0;0;0;0;1;0;1;1;0;0;0;0;2;0;0;0;6;0;0;0;0;0;0;6;0;0;0;0;0;0;0;0;0;0;0;1;0;0;24;14;0;0;3;0;0;0;0;0;0;1;0;331;0;0;0;2
"19";"6";"12";7;0;0;1;0;0;0;3;33;0;0;0;0;0;0;0;0;0;30;38809;0;80;0;50;0;0;10;0;0;0;0;0;0;0;0;0;0;0;0;0;0;0;0;0;0;0;0;0;0;0;0;0;0;0;0;0;0;4;134;7;0;1;0;9;0;1;0;13;0;0;0;0;0;0;0;0;0;0;1;2;0;6;0;0;15;0;0;33;0;1;0;50;0;0;0;0;0;0;0;0;0;0;0;0;0;0;0;0;0;0;0;0;0;0;0;0;0;0;0;0;0;0;0;0;0;0;0;0;0;0;0;0;4;0;23;0;0;0;0;0;0;1;0;0;0;0;0;0;0;1;0;0;0;0;0;0;0;1;0;0;0;15;0;0;6;0;0;0;0;0;0;0;0;31;0;0;0;0
"24";"0.1";"1";5;0;3;0;0;1;14;21;47;1;0;0;5;0;0;0;0;0;0;6717;0;0;10;20;30;0;10;0;0;0;0;0;0;0;10;0;0;0;0;0;0;0;0;0;0;0;0;0;0;0;10;0;0;0;0;0;0;2;158;8;0;4;0;5;0;33;0;5;0;0;0;0;0;0;0;0;0;0;0;3;0;0;0;0;144;0;0;65;1;6;0;42;0;0;0;0;0;0;0;0;1;1;0;0;0;0;0;0;0;0;0;0;0;1;0;0;0;0;0;0;0;0;0;0;0;0;0;0;0;0;0;0;6;0;16;0;0;0;4;0;0;2;0;0;0;0;0;0;0;0;6;0;0;1;0;0;0;3;0;0;5;4;0;0;0;0;0;0;0;0;0;0;0;1;0;0;0;0
"24";"0";"2";2;1;0;0;0;0;6;14;27;1;0;0;2;0;0;0;0;0;20;18241;0;0;20;0;0;0;460;0;0;0;0;0;0;0;10;10;0;10;0;0;0;10;0;40;0;40;40;0;0;0;0;0;0;0;0;0;0;4;278;13;0;4;0;0;0;2;0;0;0;0;0;0;0;0;0;0;0;0;0;0;0;0;0;0;610;4;0;131;0;2;0;43;0;0;0;0;0;0;0;0;0;0;0;0;1;0;0;0;0;0;0;0;0;1;0;0;0;0;0;0;0;0;0;0;0;0;0;0;39;0;0;0;6;0;4;0;0;0;0;0;0;0;0;0;0;0;0;0;0;4;11;0;0;0;0;0;0;7;0;0;18;7;0;2;18;0;0;2;0;0;0;0;0;16;0;0;0;3
"24";"0";"3";6;24;1;0;0;0;4;11;29;0;0;0;10;0;0;0;0;0;0;10683;0;20;20;0;20;0;20;0;0;0;0;0;0;0;20;0;0;0;0;0;0;0;0;0;0;0;0;0;0;0;0;0;0;0;0;0;0;6;379;18;4;29;13;22;0;11;0;15;0;0;0;0;0;0;0;0;0;0;2;27;2;0;0;0;1132;0;0;72;0;7;0;38;0;0;0;0;0;0;0;0;0;0;0;0;0;0;0;0;0;0;0;0;0;0;0;0;0;0;0;0;0;0;0;0;0;0;2;0;0;0;0;0;0;0;13;0;0;0;0;0;0;0;0;0;0;0;0;0;0;0;7;0;0;0;0;0;0;0;0;0;29;3;0;0;0;0;0;0;0;0;0;0;0;16;0;0;0;0
"24";"0.9";"4";0;7;0;0;0;0;0;2;5;0;0;0;1;0;0;0;0;0;0;4719;0;0;0;0;0;0;880;0;0;0;0;0;0;0;0;0;0;0;0;0;0;0;0;20;0;0;0;0;0;0;0;0;0;0;0;0;0;0;149;18;0;11;0;4;0;32;0;3;0;0;0;4;0;0;0;0;0;0;0;25;0;0;0;0;153;3;0;71;0;2;6;88;0;0;0;0;0;0;0;0;0;0;0;0;0;0;0;0;0;0;0;1;0;4;0;0;0;0;0;0;0;0;0;0;0;0;0;0;2;0;0;0;8;0;21;0;0;2;1;0;0;0;0;0;0;0;0;0;0;0;0;0;0;0;1;0;0;9;0;0;3;2;0;0;9;0;0;1;0;0;0;0;0;18;1;0;0;0
"24";"0";"5";19;0;0;0;0;0;1;2;8;0;0;0;0;0;0;0;0;0;0;26355;340;0;20;140;0;0;260;0;0;0;0;0;0;0;0;0;0;0;0;0;0;0;0;0;0;0;0;0;0;0;0;0;0;0;0;0;0;0;54;9;0;0;3;0;0;2;0;1;0;0;0;1;0;0;0;0;6;0;0;5;9;11;0;0;217;0;0;387;0;2;0;23;0;0;1;0;0;0;1;0;0;3;1;0;0;1;0;0;0;0;0;0;0;3;0;0;0;0;0;0;0;0;0;0;0;0;0;0;0;0;0;0;6;0;6;1;0;0;0;0;0;0;0;0;0;0;0;0;0;0;0;0;0;0;0;0;0;0;0;0;2;14;0;0;0;0;0;0;0;0;0;0;0;144;0;0;0;2
"24";"44";"6";11;0;0;0;0;0;0;7;59;1;0;0;19;0;0;0;0;0;20;7719;0;0;60;0;0;0;0;0;0;0;0;0;0;0;0;0;0;0;0;0;0;0;0;0;0;0;0;0;0;0;0;0;0;0;0;0;0;2;84;20;0;2;0;0;0;0;0;0;0;0;0;0;0;0;0;0;2;0;4;0;0;0;0;0;7;0;0;98;0;3;0;15;0;0;0;0;0;0;0;0;0;0;0;0;0;0;0;0;0;0;0;0;0;0;0;0;0;0;0;0;0;0;0;0;0;0;0;0;4;0;0;0;0;0;0;0;0;0;0;0;0;0;0;0;0;0;0;0;0;15;18;0;0;0;0;0;0;6;0;0;4;1;0;0;2;0;0;0;0;0;0;0;0;9;0;0;0;0
"24";"6";"7";7;0;0;0;0;0;0;1;19;2;0;0;0;0;0;0;0;0;0;12713;780;20;10;40;0;0;0;0;0;0;0;0;0;0;0;0;0;0;0;0;0;0;0;0;0;0;0;0;0;0;0;0;0;0;0;0;0;2;85;18;0;1;0;2;0;15;0;2;0;0;0;0;2;0;0;0;3;0;0;9;0;3;0;0;58;1;0;123;0;0;0;25;0;2;1;0;0;0;0;0;1;0;0;0;0;0;0;0;0;0;0;0;0;2;0;0;0;0;0;0;0;0;0;0;0;0;0;0;2;0;0;0;3;0;17;0;0;0;0;0;0;0;0;0;0;0;0;0;0;0;0;0;0;0;1;0;0;0;0;0;0;8;0;0;3;0;0;1;0;0;0;0;0;19;0;0;0;0
"24";"0.1";"8";6;3;0;0;0;0;0;2;14;0;0;0;0;0;0;0;0;0;0;6717;380;60;0;100;20;0;580;0;0;20;0;0;0;0;0;0;0;0;0;0;0;0;0;0;0;0;0;0;0;0;0;0;0;0;0;0;0;0;190;10;0;1;1;1;0;40;0;4;0;0;1;0;0;0;0;0;0;0;0;16;2;3;0;0;52;2;0;295;4;1;0;30;0;0;0;0;0;0;0;0;1;0;0;0;0;0;0;0;0;0;0;1;0;0;1;0;0;0;0;0;0;0;0;0;0;0;1;0;3;0;0;0;2;0;3;0;0;0;3;0;0;0;0;0;0;1;0;0;0;0;0;0;0;0;0;0;0;0;0;0;0;8;0;0;0;0;0;0;0;0;0;0;0;138;0;0;0;0
"24";"44";"9";17;0;0;0;0;0;0;9;6;2;0;0;14;0;0;0;0;0;0;11321;0;0;0;10;20;0;0;0;0;0;0;0;0;0;0;0;0;0;0;20;0;0;0;0;0;0;0;0;0;0;0;0;0;0;0;0;0;0;48;23;0;6;0;0;0;3;0;6;0;0;0;1;0;0;0;0;2;0;2;0;0;0;0;0;40;0;0;410;0;3;0;44;0;0;0;0;0;0;0;0;0;0;0;0;0;0;0;0;0;0;0;2;0;0;0;0;0;0;0;0;0;0;0;0;0;0;0;0;0;0;0;0;0;0;10;0;0;0;0;0;0;0;0;0;0;2;0;0;0;14;62;0;0;0;0;0;0;0;0;0;2;1;0;0;23;0;0;0;0;0;0;0;0;2;0;0;0;4
"24";"0.9";"10";8;4;0;0;0;3;0;10;16;2;0;1;49;0;0;0;0;0;20;4878;0;60;0;60;0;20;0;0;0;0;0;0;0;0;0;0;0;0;0;0;0;0;0;0;0;0;0;0;0;0;0;0;0;0;0;0;0;9;131;20;0;0;0;0;0;0;0;9;0;0;0;0;0;0;0;0;6;0;27;16;0;0;0;0;79;0;0;112;0;0;0;27;0;0;2;0;0;0;0;0;2;0;0;0;0;0;0;0;0;0;0;0;0;5;0;0;0;0;0;0;0;0;0;0;0;0;0;0;13;0;0;0;0;0;2;0;0;0;0;0;0;0;0;6;0;0;0;0;0;6;13;9;0;0;0;0;0;2;0;0;48;3;0;0;4;0;0;0;0;0;0;0;0;6;0;0;0;0
"24";"0";"11";8;0;0;0;0;1;0;2;21;0;1;0;0;0;2;0;0;0;0;34732;40;40;0;0;0;0;0;0;0;0;0;0;0;0;0;0;0;0;10;0;0;0;0;0;0;0;0;0;0;0;0;0;0;0;0;0;0;0;67;2;0;0;0;1;0;5;0;0;0;0;0;0;0;0;0;0;0;0;0;0;4;1;0;0;49;0;0;120;1;0;0;25;0;0;0;0;0;0;0;0;1;0;0;0;0;0;0;0;0;0;0;0;0;0;0;0;0;0;0;0;0;0;0;0;0;0;1;0;6;0;0;0;1;0;3;0;0;0;0;0;0;0;0;0;0;0;0;0;0;0;0;0;0;0;0;0;0;2;1;0;4;9;0;0;0;0;0;0;0;0;0;0;0;222;0;0;0;2
"24";"6";"12";5;0;0;1;0;1;0;3;50;2;0;0;0;0;0;0;0;0;0;12325;60;0;0;20;0;0;0;0;0;0;0;0;0;0;0;0;0;0;0;0;0;0;0;0;0;0;0;0;0;0;0;0;0;0;0;0;0;0;21;4;0;1;0;0;0;5;0;9;0;0;0;0;0;0;0;0;0;0;0;0;0;3;0;0;27;0;0;30;0;0;0;20;0;0;1;0;0;0;0;0;1;0;0;0;0;0;0;0;0;0;0;0;0;1;0;0;0;0;0;0;0;0;0;0;0;0;0;0;0;0;0;0;0;0;4;0;0;0;1;0;0;0;0;0;0;0;0;0;0;0;0;0;0;0;0;0;0;1;0;0;1;15;0;0;0;0;0;0;0;0;0;0;0;18;0;0;0;0
